source,snomedct,orpha,prefname
C0019247,http://purl.bioontology.org/ontology/SNOMEDCT/32895009,"{:orpha_id=>""""}",Hereditary disease
C0019247,http://purl.bioontology.org/ontology/SNOMEDCT/782964007,"{:orpha_id=>""""}",Genetic disease
C0019247,http://purl.bioontology.org/ontology/SNOMEDCT/32895009,"{:orpha_id=>""""}",Hereditary disease
C0019247,http://purl.bioontology.org/ontology/SNOMEDCT/782964007,"{:orpha_id=>""""}",Genetic disease
C0019247,http://purl.bioontology.org/ontology/SNOMEDCT/32895009,"{:orpha_id=>""""}",Hereditary disease
C0019247,http://purl.bioontology.org/ontology/SNOMEDCT/782964007,"{:orpha_id=>""""}",Genetic disease
C0019247,http://purl.bioontology.org/ontology/SNOMEDCT/32895009,"{:orpha_id=>""""}",Hereditary disease
C0019247,http://purl.bioontology.org/ontology/SNOMEDCT/782964007,"{:orpha_id=>""""}",Genetic disease
C0019247,http://purl.bioontology.org/ontology/SNOMEDCT/32895009,"{:orpha_id=>""""}",Hereditary disease
C0019247,http://purl.bioontology.org/ontology/SNOMEDCT/782964007,"{:orpha_id=>""""}",Genetic disease
C0019247,http://purl.bioontology.org/ontology/SNOMEDCT/32895009,"{:orpha_id=>""""}",Hereditary disease
C0019247,http://purl.bioontology.org/ontology/SNOMEDCT/782964007,"{:orpha_id=>""""}",Genetic disease
C0019247,http://purl.bioontology.org/ontology/SNOMEDCT/32895009,"{:orpha_id=>""""}",Hereditary disease
C0019247,http://purl.bioontology.org/ontology/SNOMEDCT/782964007,"{:orpha_id=>""""}",Genetic disease
C0019247,http://purl.bioontology.org/ontology/SNOMEDCT/32895009,"{:orpha_id=>""""}",Hereditary disease
C0019247,http://purl.bioontology.org/ontology/SNOMEDCT/782964007,"{:orpha_id=>""""}",Genetic disease
C0019247,http://purl.bioontology.org/ontology/SNOMEDCT/32895009,"{:orpha_id=>""""}",Hereditary disease
C0019247,http://purl.bioontology.org/ontology/SNOMEDCT/782964007,"{:orpha_id=>""""}",Genetic disease
C0019247,http://purl.bioontology.org/ontology/SNOMEDCT/32895009,"{:orpha_id=>""""}",Hereditary disease
C0019247,http://purl.bioontology.org/ontology/SNOMEDCT/782964007,"{:orpha_id=>""""}",Genetic disease
C0019247,http://purl.bioontology.org/ontology/SNOMEDCT/32895009,"{:orpha_id=>""""}",Hereditary disease
C0019247,http://purl.bioontology.org/ontology/SNOMEDCT/782964007,"{:orpha_id=>""""}",Genetic disease
C0235946,http://purl.bioontology.org/ontology/SNOMEDCT/278849000,"{:orpha_id=>""""}",Cerebral atrophy
C0007760,http://purl.bioontology.org/ontology/SNOMEDCT/223176004,"{:orpha_id=>""""}",Cerebellar disorder
C0007760,http://purl.bioontology.org/ontology/SNOMEDCT/224186005,"{:orpha_id=>""""}",Cerebellar deficiency syndrome
C0007760,http://purl.bioontology.org/ontology/SNOMEDCT/223176004,"{:orpha_id=>""""}",Cerebellar disorder
C0007760,http://purl.bioontology.org/ontology/SNOMEDCT/224186005,"{:orpha_id=>""""}",Cerebellar deficiency syndrome
C0087012,http://purl.bioontology.org/ontology/SNOMEDCT/129609000,"{:orpha_id=>""""}",Spinocerebellar ataxia
C0087012,http://purl.bioontology.org/ontology/SNOMEDCT/129609000,"{:orpha_id=>""""}",Spinocerebellar ataxia
C0018790,http://purl.bioontology.org/ontology/SNOMEDCT/397829000,"{:orpha_id=>""""}",Asystole
C0018790,http://purl.bioontology.org/ontology/SNOMEDCT/410429000,"{:orpha_id=>""""}",Cardiac arrest
C0018790,http://purl.bioontology.org/ontology/SNOMEDCT/397829000,"{:orpha_id=>""""}",Asystole
C0018790,http://purl.bioontology.org/ontology/SNOMEDCT/410429000,"{:orpha_id=>""""}",Cardiac arrest
C0018790,http://purl.bioontology.org/ontology/SNOMEDCT/397829000,"{:orpha_id=>""""}",Asystole
C0018790,http://purl.bioontology.org/ontology/SNOMEDCT/410429000,"{:orpha_id=>""""}",Cardiac arrest
C0018790,http://purl.bioontology.org/ontology/SNOMEDCT/397829000,"{:orpha_id=>""""}",Asystole
C0018790,http://purl.bioontology.org/ontology/SNOMEDCT/410429000,"{:orpha_id=>""""}",Cardiac arrest
C0018790,http://purl.bioontology.org/ontology/SNOMEDCT/397829000,"{:orpha_id=>""""}",Asystole
C0018790,http://purl.bioontology.org/ontology/SNOMEDCT/410429000,"{:orpha_id=>""""}",Cardiac arrest
C0026650,http://purl.bioontology.org/ontology/SNOMEDCT/60342002,"{:orpha_id=>""""}",Movement disorder
C0026650,http://purl.bioontology.org/ontology/SNOMEDCT/60342002,"{:orpha_id=>""""}",Movement disorder
C0242422,http://purl.bioontology.org/ontology/SNOMEDCT/32798002,"{:orpha_id=>""""}",Parkinsonism
C0242422,http://purl.bioontology.org/ontology/SNOMEDCT/32798002,"{:orpha_id=>""""}",Parkinsonism
C0242422,http://purl.bioontology.org/ontology/SNOMEDCT/32798002,"{:orpha_id=>""""}",Parkinsonism
C0242422,http://purl.bioontology.org/ontology/SNOMEDCT/32798002,"{:orpha_id=>""""}",Parkinsonism
C0151313,http://purl.bioontology.org/ontology/SNOMEDCT/95662005,"{:orpha_id=>""""}",Sensory neuropathy
C0151313,http://purl.bioontology.org/ontology/SNOMEDCT/789588003,"{:orpha_id=>""""}",Peripheral sensory neuropathy
C0024408,http://purl.bioontology.org/ontology/SNOMEDCT/91952008,"{:orpha_id=>""""}",Azorean disease
C0024408,http://purl.bioontology.org/ontology/SNOMEDCT/91952008,"{:orpha_id=>""""}",Azorean disease
C0024408,http://purl.bioontology.org/ontology/SNOMEDCT/91952008,"{:orpha_id=>""""}",Azorean disease
C0024408,http://purl.bioontology.org/ontology/SNOMEDCT/91952008,"{:orpha_id=>""""}",Azorean disease
C0024408,http://purl.bioontology.org/ontology/SNOMEDCT/91952008,"{:orpha_id=>""""}",Azorean disease
C0024408,http://purl.bioontology.org/ontology/SNOMEDCT/91952008,"{:orpha_id=>""""}",Azorean disease
C0024408,http://purl.bioontology.org/ontology/SNOMEDCT/91952008,"{:orpha_id=>""""}",Azorean disease
C0024408,http://purl.bioontology.org/ontology/SNOMEDCT/91952008,"{:orpha_id=>""""}",Azorean disease
C0024408,http://purl.bioontology.org/ontology/SNOMEDCT/91952008,"{:orpha_id=>""""}",Azorean disease
C0024408,http://purl.bioontology.org/ontology/SNOMEDCT/91952008,"{:orpha_id=>""""}",Azorean disease
C0024408,http://purl.bioontology.org/ontology/SNOMEDCT/91952008,"{:orpha_id=>""""}",Azorean disease
C0024408,http://purl.bioontology.org/ontology/SNOMEDCT/91952008,"{:orpha_id=>""""}",Azorean disease
C0024408,http://purl.bioontology.org/ontology/SNOMEDCT/91952008,"{:orpha_id=>""""}",Azorean disease
C0024408,http://purl.bioontology.org/ontology/SNOMEDCT/91952008,"{:orpha_id=>""""}",Azorean disease
C0024408,http://purl.bioontology.org/ontology/SNOMEDCT/91952008,"{:orpha_id=>""""}",Azorean disease
C0024408,http://purl.bioontology.org/ontology/SNOMEDCT/91952008,"{:orpha_id=>""""}",Azorean disease
C0024408,http://purl.bioontology.org/ontology/SNOMEDCT/91952008,"{:orpha_id=>""""}",Azorean disease
C0024408,http://purl.bioontology.org/ontology/SNOMEDCT/91952008,"{:orpha_id=>""""}",Azorean disease
C0024408,http://purl.bioontology.org/ontology/SNOMEDCT/91952008,"{:orpha_id=>""""}",Azorean disease
C0024408,http://purl.bioontology.org/ontology/SNOMEDCT/91952008,"{:orpha_id=>""""}",Azorean disease
C0024408,http://purl.bioontology.org/ontology/SNOMEDCT/91952008,"{:orpha_id=>""""}",Azorean disease
C0024408,http://purl.bioontology.org/ontology/SNOMEDCT/91952008,"{:orpha_id=>""""}",Azorean disease
C0024408,http://purl.bioontology.org/ontology/SNOMEDCT/91952008,"{:orpha_id=>""""}",Azorean disease
C0024408,http://purl.bioontology.org/ontology/SNOMEDCT/91952008,"{:orpha_id=>""""}",Azorean disease
C0024408,http://purl.bioontology.org/ontology/SNOMEDCT/91952008,"{:orpha_id=>""""}",Azorean disease
C0024408,http://purl.bioontology.org/ontology/SNOMEDCT/91952008,"{:orpha_id=>""""}",Azorean disease
C0024408,http://purl.bioontology.org/ontology/SNOMEDCT/91952008,"{:orpha_id=>""""}",Azorean disease
C0024408,http://purl.bioontology.org/ontology/SNOMEDCT/91952008,"{:orpha_id=>""""}",Azorean disease
C0024408,http://purl.bioontology.org/ontology/SNOMEDCT/91952008,"{:orpha_id=>""""}",Azorean disease
C0024408,http://purl.bioontology.org/ontology/SNOMEDCT/91952008,"{:orpha_id=>""""}",Azorean disease
C0024408,http://purl.bioontology.org/ontology/SNOMEDCT/91952008,"{:orpha_id=>""""}",Azorean disease
C0024408,http://purl.bioontology.org/ontology/SNOMEDCT/91952008,"{:orpha_id=>""""}",Azorean disease
C0024408,http://purl.bioontology.org/ontology/SNOMEDCT/91952008,"{:orpha_id=>""""}",Azorean disease
C0024408,http://purl.bioontology.org/ontology/SNOMEDCT/91952008,"{:orpha_id=>""""}",Azorean disease
C0024408,http://purl.bioontology.org/ontology/SNOMEDCT/91952008,"{:orpha_id=>""""}",Azorean disease
C0024408,http://purl.bioontology.org/ontology/SNOMEDCT/91952008,"{:orpha_id=>""""}",Azorean disease
C0024408,http://purl.bioontology.org/ontology/SNOMEDCT/91952008,"{:orpha_id=>""""}",Azorean disease
C0024408,http://purl.bioontology.org/ontology/SNOMEDCT/91952008,"{:orpha_id=>""""}",Azorean disease
C0024408,http://purl.bioontology.org/ontology/SNOMEDCT/91952008,"{:orpha_id=>""""}",Azorean disease
C0024408,http://purl.bioontology.org/ontology/SNOMEDCT/91952008,"{:orpha_id=>""""}",Azorean disease
C0024408,http://purl.bioontology.org/ontology/SNOMEDCT/91952008,"{:orpha_id=>""""}",Azorean disease
C0024408,http://purl.bioontology.org/ontology/SNOMEDCT/91952008,"{:orpha_id=>""""}",Azorean disease
C0024408,http://purl.bioontology.org/ontology/SNOMEDCT/91952008,"{:orpha_id=>""""}",Azorean disease
C0024408,http://purl.bioontology.org/ontology/SNOMEDCT/91952008,"{:orpha_id=>""""}",Azorean disease
C0024408,http://purl.bioontology.org/ontology/SNOMEDCT/91952008,"{:orpha_id=>""""}",Azorean disease
C0024408,http://purl.bioontology.org/ontology/SNOMEDCT/91952008,"{:orpha_id=>""""}",Azorean disease
C0024408,http://purl.bioontology.org/ontology/SNOMEDCT/91952008,"{:orpha_id=>""""}",Azorean disease
C0024408,http://purl.bioontology.org/ontology/SNOMEDCT/91952008,"{:orpha_id=>""""}",Azorean disease
C0024408,http://purl.bioontology.org/ontology/SNOMEDCT/91952008,"{:orpha_id=>""""}",Azorean disease
C0024408,http://purl.bioontology.org/ontology/SNOMEDCT/91952008,"{:orpha_id=>""""}",Azorean disease
C0024408,http://purl.bioontology.org/ontology/SNOMEDCT/91952008,"{:orpha_id=>""""}",Azorean disease
C0024408,http://purl.bioontology.org/ontology/SNOMEDCT/91952008,"{:orpha_id=>""""}",Azorean disease
C0024408,http://purl.bioontology.org/ontology/SNOMEDCT/91952008,"{:orpha_id=>""""}",Azorean disease
C0024408,http://purl.bioontology.org/ontology/SNOMEDCT/91952008,"{:orpha_id=>""""}",Azorean disease
C0024408,http://purl.bioontology.org/ontology/SNOMEDCT/91952008,"{:orpha_id=>""""}",Azorean disease
C0024408,http://purl.bioontology.org/ontology/SNOMEDCT/91952008,"{:orpha_id=>""""}",Azorean disease
C0024408,http://purl.bioontology.org/ontology/SNOMEDCT/91952008,"{:orpha_id=>""""}",Azorean disease
C0024408,http://purl.bioontology.org/ontology/SNOMEDCT/91952008,"{:orpha_id=>""""}",Azorean disease
C0024408,http://purl.bioontology.org/ontology/SNOMEDCT/91952008,"{:orpha_id=>""""}",Azorean disease
C0024408,http://purl.bioontology.org/ontology/SNOMEDCT/91952008,"{:orpha_id=>""""}",Azorean disease
C0024408,http://purl.bioontology.org/ontology/SNOMEDCT/91952008,"{:orpha_id=>""""}",Azorean disease
C0024408,http://purl.bioontology.org/ontology/SNOMEDCT/91952008,"{:orpha_id=>""""}",Azorean disease
C0024408,http://purl.bioontology.org/ontology/SNOMEDCT/91952008,"{:orpha_id=>""""}",Azorean disease
C0024408,http://purl.bioontology.org/ontology/SNOMEDCT/91952008,"{:orpha_id=>""""}",Azorean disease
C0024408,http://purl.bioontology.org/ontology/SNOMEDCT/91952008,"{:orpha_id=>""""}",Azorean disease
C0024408,http://purl.bioontology.org/ontology/SNOMEDCT/91952008,"{:orpha_id=>""""}",Azorean disease
C0752120,http://purl.bioontology.org/ontology/SNOMEDCT/715748006,"{:orpha_id=>""http://www.orpha.net/ORDO/Orphanet_98755""}",Spinocerebellar ataxia type 1
C0752120,http://purl.bioontology.org/ontology/SNOMEDCT/715748006,"{:orpha_id=>""http://www.orpha.net/ORDO/Orphanet_98755""}",Spinocerebellar ataxia type 1
C0752120,http://purl.bioontology.org/ontology/SNOMEDCT/715748006,"{:orpha_id=>""http://www.orpha.net/ORDO/Orphanet_98755""}",Spinocerebellar ataxia type 1
C0752120,http://purl.bioontology.org/ontology/SNOMEDCT/715748006,"{:orpha_id=>""http://www.orpha.net/ORDO/Orphanet_98755""}",Spinocerebellar ataxia type 1
C0752120,http://purl.bioontology.org/ontology/SNOMEDCT/715748006,"{:orpha_id=>""http://www.orpha.net/ORDO/Orphanet_98755""}",Spinocerebellar ataxia type 1
C0752120,http://purl.bioontology.org/ontology/SNOMEDCT/715748006,"{:orpha_id=>""http://www.orpha.net/ORDO/Orphanet_98755""}",Spinocerebellar ataxia type 1
C0752120,http://purl.bioontology.org/ontology/SNOMEDCT/715748006,"{:orpha_id=>""http://www.orpha.net/ORDO/Orphanet_98755""}",Spinocerebellar ataxia type 1
C0752120,http://purl.bioontology.org/ontology/SNOMEDCT/715748006,"{:orpha_id=>""http://www.orpha.net/ORDO/Orphanet_98755""}",Spinocerebellar ataxia type 1
C0752120,http://purl.bioontology.org/ontology/SNOMEDCT/715748006,"{:orpha_id=>""http://www.orpha.net/ORDO/Orphanet_98755""}",Spinocerebellar ataxia type 1
C0011168,http://purl.bioontology.org/ontology/SNOMEDCT/40739000,"{:orpha_id=>""""}",Dysphagia
C0011168,http://purl.bioontology.org/ontology/SNOMEDCT/288939007,"{:orpha_id=>""""}",Difficulty swallowing
C0011168,http://purl.bioontology.org/ontology/SNOMEDCT/40739000,"{:orpha_id=>""""}",Dysphagia
C0011168,http://purl.bioontology.org/ontology/SNOMEDCT/288939007,"{:orpha_id=>""""}",Difficulty swallowing
C0011168,http://purl.bioontology.org/ontology/SNOMEDCT/40739000,"{:orpha_id=>""""}",Dysphagia
C0011168,http://purl.bioontology.org/ontology/SNOMEDCT/288939007,"{:orpha_id=>""""}",Difficulty swallowing
C0002395,http://purl.bioontology.org/ontology/SNOMEDCT/26929004,"{:orpha_id=>""""}",Alzheimer's disease
C0002395,http://purl.bioontology.org/ontology/SNOMEDCT/26929004,"{:orpha_id=>""""}",Alzheimer's disease
C0002395,http://purl.bioontology.org/ontology/SNOMEDCT/26929004,"{:orpha_id=>""""}",Alzheimer's disease
C0002395,http://purl.bioontology.org/ontology/SNOMEDCT/26929004,"{:orpha_id=>""""}",Alzheimer's disease
C0002395,http://purl.bioontology.org/ontology/SNOMEDCT/26929004,"{:orpha_id=>""""}",Alzheimer's disease
C0002395,http://purl.bioontology.org/ontology/SNOMEDCT/26929004,"{:orpha_id=>""""}",Alzheimer's disease
C0002395,http://purl.bioontology.org/ontology/SNOMEDCT/26929004,"{:orpha_id=>""""}",Alzheimer's disease
C0030567,http://purl.bioontology.org/ontology/SNOMEDCT/49049000,"{:orpha_id=>""""}",Parkinson's disease
C0030567,http://purl.bioontology.org/ontology/SNOMEDCT/49049000,"{:orpha_id=>""""}",Parkinson's disease
C0030567,http://purl.bioontology.org/ontology/SNOMEDCT/49049000,"{:orpha_id=>""""}",Parkinson's disease
C0030567,http://purl.bioontology.org/ontology/SNOMEDCT/49049000,"{:orpha_id=>""""}",Parkinson's disease
C0030567,http://purl.bioontology.org/ontology/SNOMEDCT/49049000,"{:orpha_id=>""""}",Parkinson's disease
C0030567,http://purl.bioontology.org/ontology/SNOMEDCT/49049000,"{:orpha_id=>""""}",Parkinson's disease
C0030567,http://purl.bioontology.org/ontology/SNOMEDCT/49049000,"{:orpha_id=>""""}",Parkinson's disease
C0026846,http://purl.bioontology.org/ontology/SNOMEDCT/88092000,"{:orpha_id=>""""}",Muscle atrophy
C0026846,http://purl.bioontology.org/ontology/SNOMEDCT/88092000,"{:orpha_id=>""""}",Muscle atrophy
C0026846,http://purl.bioontology.org/ontology/SNOMEDCT/88092000,"{:orpha_id=>""""}",Muscle atrophy
C0026846,http://purl.bioontology.org/ontology/SNOMEDCT/88092000,"{:orpha_id=>""""}",Muscle atrophy
C0026846,http://purl.bioontology.org/ontology/SNOMEDCT/88092000,"{:orpha_id=>""""}",Muscle atrophy
C0026846,http://purl.bioontology.org/ontology/SNOMEDCT/88092000,"{:orpha_id=>""""}",Muscle atrophy
C0020179,http://purl.bioontology.org/ontology/SNOMEDCT/58756001,"{:orpha_id=>""""}",Huntington's chorea
C0020179,http://purl.bioontology.org/ontology/SNOMEDCT/58756001,"{:orpha_id=>""""}",Huntington's chorea
C0020179,http://purl.bioontology.org/ontology/SNOMEDCT/58756001,"{:orpha_id=>""""}",Huntington's chorea
C1998028,http://purl.bioontology.org/ontology/SNOMEDCT/428212003,"{:orpha_id=>""""}",Photoreceptor degeneration
C0265385,http://purl.bioontology.org/ontology/SNOMEDCT/11164009,"{:orpha_id=>""""}",Autosomal dominant hereditary disorder
C0751781,http://purl.bioontology.org/ontology/SNOMEDCT/68116008,"{:orpha_id=>""""}",Dentatorubropallidoluysian degeneration
C0752124,http://purl.bioontology.org/ontology/SNOMEDCT/715752006,"{:orpha_id=>""http://www.orpha.net/ORDO/Orphanet_98758""}",Spinocerebellar ataxia type 6
C0752124,http://purl.bioontology.org/ontology/SNOMEDCT/715752006,"{:orpha_id=>""http://www.orpha.net/ORDO/Orphanet_98758""}",Spinocerebellar ataxia type 6
C0752124,http://purl.bioontology.org/ontology/SNOMEDCT/715752006,"{:orpha_id=>""http://www.orpha.net/ORDO/Orphanet_98758""}",Spinocerebellar ataxia type 6
C0752124,http://purl.bioontology.org/ontology/SNOMEDCT/715752006,"{:orpha_id=>""http://www.orpha.net/ORDO/Orphanet_98758""}",Spinocerebellar ataxia type 6
C0752124,http://purl.bioontology.org/ontology/SNOMEDCT/715752006,"{:orpha_id=>""http://www.orpha.net/ORDO/Orphanet_98758""}",Spinocerebellar ataxia type 6
C0085078,http://purl.bioontology.org/ontology/SNOMEDCT/28821000119102,"{:orpha_id=>""""}",Lysosomal storage disease
C0027765,http://purl.bioontology.org/ontology/SNOMEDCT/118940003,"{:orpha_id=>""""}",Disorder of nervous system
C0027765,http://purl.bioontology.org/ontology/SNOMEDCT/118940003,"{:orpha_id=>""""}",Disorder of nervous system
C0027765,http://purl.bioontology.org/ontology/SNOMEDCT/118940003,"{:orpha_id=>""""}",Disorder of nervous system
C0027765,http://purl.bioontology.org/ontology/SNOMEDCT/118940003,"{:orpha_id=>""""}",Disorder of nervous system
C0027765,http://purl.bioontology.org/ontology/SNOMEDCT/118940003,"{:orpha_id=>""""}",Disorder of nervous system
C0027765,http://purl.bioontology.org/ontology/SNOMEDCT/118940003,"{:orpha_id=>""""}",Disorder of nervous system
C0027765,http://purl.bioontology.org/ontology/SNOMEDCT/118940003,"{:orpha_id=>""""}",Disorder of nervous system
C0027765,http://purl.bioontology.org/ontology/SNOMEDCT/118940003,"{:orpha_id=>""""}",Disorder of nervous system
C0027765,http://purl.bioontology.org/ontology/SNOMEDCT/118940003,"{:orpha_id=>""""}",Disorder of nervous system
C0027765,http://purl.bioontology.org/ontology/SNOMEDCT/118940003,"{:orpha_id=>""""}",Disorder of nervous system
C0027765,http://purl.bioontology.org/ontology/SNOMEDCT/118940003,"{:orpha_id=>""""}",Disorder of nervous system
C0027765,http://purl.bioontology.org/ontology/SNOMEDCT/118940003,"{:orpha_id=>""""}",Disorder of nervous system
C0752125,http://purl.bioontology.org/ontology/SNOMEDCT/715726000,"{:orpha_id=>""http://www.orpha.net/ORDO/Orphanet_94147""}",Spinocerebellar ataxia type 7
C0018889,http://purl.bioontology.org/ontology/SNOMEDCT/27601005,"{:orpha_id=>""""}",Infection caused by Cestoda and/or Trematoda and/or Phylum Nemata
C0018889,http://purl.bioontology.org/ontology/SNOMEDCT/27601005,"{:orpha_id=>""""}",Infection caused by Cestoda and/or Trematoda and/or Phylum Nemata
C0018889,http://purl.bioontology.org/ontology/SNOMEDCT/27601005,"{:orpha_id=>""""}",Infection caused by Cestoda and/or Trematoda and/or Phylum Nemata
C0018889,http://purl.bioontology.org/ontology/SNOMEDCT/27601005,"{:orpha_id=>""""}",Infection caused by Cestoda and/or Trematoda and/or Phylum Nemata
C0272285,http://purl.bioontology.org/ontology/SNOMEDCT/73397007,"{:orpha_id=>""http://www.orpha.net/ORDO/Orphanet_3325""}",Heparin-induced thrombocytopenia
C0272285,http://purl.bioontology.org/ontology/SNOMEDCT/73397007,"{:orpha_id=>""http://www.orpha.net/ORDO/Orphanet_3325""}",Heparin-induced thrombocytopenia
C0035258,http://purl.bioontology.org/ontology/SNOMEDCT/32914008,"{:orpha_id=>""""}",Restless legs
C0035258,http://purl.bioontology.org/ontology/SNOMEDCT/32914008,"{:orpha_id=>""""}",Restless legs
C1963674,http://purl.bioontology.org/ontology/SNOMEDCT/715754007,"{:orpha_id=>""http://www.orpha.net/ORDO/Orphanet_98761""}",Spinocerebellar ataxia type 10
C1963674,http://purl.bioontology.org/ontology/SNOMEDCT/715754007,"{:orpha_id=>""http://www.orpha.net/ORDO/Orphanet_98761""}",Spinocerebellar ataxia type 10
C0238190,http://purl.bioontology.org/ontology/SNOMEDCT/72315009,"{:orpha_id=>""http://www.orpha.net/ORDO/Orphanet_611""}",Inclusion body myositis
C0270814,http://purl.bioontology.org/ontology/SNOMEDCT/386781001,"{:orpha_id=>""""}",Spastic syndrome
C0262404,http://purl.bioontology.org/ontology/SNOMEDCT/95646004,"{:orpha_id=>""""}",Cerebellar degeneration
C0026847,http://purl.bioontology.org/ontology/SNOMEDCT/5262007,"{:orpha_id=>""""}",Spinal muscular atrophy
C0013264,http://purl.bioontology.org/ontology/SNOMEDCT/387732009,"{:orpha_id=>""http://www.orpha.net/ORDO/Orphanet_98895""}",Becker muscular dystrophy
C0013264,http://purl.bioontology.org/ontology/SNOMEDCT/76670001,"{:orpha_id=>""http://www.orpha.net/ORDO/Orphanet_98896""}",Duchenne muscular dystrophy
C0013264,http://purl.bioontology.org/ontology/SNOMEDCT/387732009,"{:orpha_id=>""http://www.orpha.net/ORDO/Orphanet_98895""}",Becker muscular dystrophy
C0013264,http://purl.bioontology.org/ontology/SNOMEDCT/76670001,"{:orpha_id=>""http://www.orpha.net/ORDO/Orphanet_98896""}",Duchenne muscular dystrophy
C0752121,http://purl.bioontology.org/ontology/SNOMEDCT/715751004,"{:orpha_id=>""http://www.orpha.net/ORDO/Orphanet_98756""}",Spinocerebellar ataxia type 2
C0016719,http://purl.bioontology.org/ontology/SNOMEDCT/10394003,"{:orpha_id=>""http://www.orpha.net/ORDO/Orphanet_95""}",Friedreich ataxia
C0442874,http://purl.bioontology.org/ontology/SNOMEDCT/386033004,"{:orpha_id=>""""}",Neuropathy
C0442874,http://purl.bioontology.org/ontology/SNOMEDCT/386033004,"{:orpha_id=>""""}",Neuropathy
C0442874,http://purl.bioontology.org/ontology/SNOMEDCT/386033004,"{:orpha_id=>""""}",Neuropathy
C0442874,http://purl.bioontology.org/ontology/SNOMEDCT/386033004,"{:orpha_id=>""""}",Neuropathy
C0442874,http://purl.bioontology.org/ontology/SNOMEDCT/386033004,"{:orpha_id=>""""}",Neuropathy
C0442874,http://purl.bioontology.org/ontology/SNOMEDCT/386033004,"{:orpha_id=>""""}",Neuropathy
C0042769,http://purl.bioontology.org/ontology/SNOMEDCT/34014006,"{:orpha_id=>""""}",Viral disease
C0042769,http://purl.bioontology.org/ontology/SNOMEDCT/34014006,"{:orpha_id=>""""}",Viral disease
C0032002,http://purl.bioontology.org/ontology/SNOMEDCT/399244003,"{:orpha_id=>""""}",Disorder of pituitary gland
C0032002,http://purl.bioontology.org/ontology/SNOMEDCT/399244003,"{:orpha_id=>""""}",Disorder of pituitary gland
C0150055,http://purl.bioontology.org/ontology/SNOMEDCT/82423001,"{:orpha_id=>""""}",Chronic pain
C0150055,http://purl.bioontology.org/ontology/SNOMEDCT/82423001,"{:orpha_id=>""""}",Chronic pain
C0014544,http://purl.bioontology.org/ontology/SNOMEDCT/128613002,"{:orpha_id=>""""}",Seizure disorder
C0014544,http://purl.bioontology.org/ontology/SNOMEDCT/84757009,"{:orpha_id=>""""}",Epilepsy
C0014544,http://purl.bioontology.org/ontology/SNOMEDCT/128613002,"{:orpha_id=>""""}",Seizure disorder
C0014544,http://purl.bioontology.org/ontology/SNOMEDCT/84757009,"{:orpha_id=>""""}",Epilepsy
C0014544,http://purl.bioontology.org/ontology/SNOMEDCT/128613002,"{:orpha_id=>""""}",Seizure disorder
C0014544,http://purl.bioontology.org/ontology/SNOMEDCT/84757009,"{:orpha_id=>""""}",Epilepsy
C0014544,http://purl.bioontology.org/ontology/SNOMEDCT/128613002,"{:orpha_id=>""""}",Seizure disorder
C0014544,http://purl.bioontology.org/ontology/SNOMEDCT/84757009,"{:orpha_id=>""""}",Epilepsy
C0014544,http://purl.bioontology.org/ontology/SNOMEDCT/128613002,"{:orpha_id=>""""}",Seizure disorder
C0014544,http://purl.bioontology.org/ontology/SNOMEDCT/84757009,"{:orpha_id=>""""}",Epilepsy
C0014544,http://purl.bioontology.org/ontology/SNOMEDCT/128613002,"{:orpha_id=>""""}",Seizure disorder
C0014544,http://purl.bioontology.org/ontology/SNOMEDCT/84757009,"{:orpha_id=>""""}",Epilepsy
C0014544,http://purl.bioontology.org/ontology/SNOMEDCT/128613002,"{:orpha_id=>""""}",Seizure disorder
C0014544,http://purl.bioontology.org/ontology/SNOMEDCT/84757009,"{:orpha_id=>""""}",Epilepsy
C0014544,http://purl.bioontology.org/ontology/SNOMEDCT/128613002,"{:orpha_id=>""""}",Seizure disorder
C0014544,http://purl.bioontology.org/ontology/SNOMEDCT/84757009,"{:orpha_id=>""""}",Epilepsy
C0014544,http://purl.bioontology.org/ontology/SNOMEDCT/128613002,"{:orpha_id=>""""}",Seizure disorder
C0014544,http://purl.bioontology.org/ontology/SNOMEDCT/84757009,"{:orpha_id=>""""}",Epilepsy
C0014544,http://purl.bioontology.org/ontology/SNOMEDCT/128613002,"{:orpha_id=>""""}",Seizure disorder
C0014544,http://purl.bioontology.org/ontology/SNOMEDCT/84757009,"{:orpha_id=>""""}",Epilepsy
C0014544,http://purl.bioontology.org/ontology/SNOMEDCT/128613002,"{:orpha_id=>""""}",Seizure disorder
C0014544,http://purl.bioontology.org/ontology/SNOMEDCT/84757009,"{:orpha_id=>""""}",Epilepsy
C0014544,http://purl.bioontology.org/ontology/SNOMEDCT/128613002,"{:orpha_id=>""""}",Seizure disorder
C0014544,http://purl.bioontology.org/ontology/SNOMEDCT/84757009,"{:orpha_id=>""""}",Epilepsy
C0038379,http://purl.bioontology.org/ontology/SNOMEDCT/22066006,"{:orpha_id=>""""}",Strabismus
C0342782,http://purl.bioontology.org/ontology/SNOMEDCT/237995002,"{:orpha_id=>""""}",Depletion of mitochondrial DNA
C0011860,http://purl.bioontology.org/ontology/SNOMEDCT/44054006,"{:orpha_id=>""""}",Type 2 diabetes mellitus
C0011860,http://purl.bioontology.org/ontology/SNOMEDCT/44054006,"{:orpha_id=>""""}",Type 2 diabetes mellitus
C0035304,http://purl.bioontology.org/ontology/SNOMEDCT/95695004,"{:orpha_id=>""""}",Degeneration of retina
C3811918,http://purl.bioontology.org/ontology/SNOMEDCT/702426001,"{:orpha_id=>""""}",GRN-related frontotemporal dementia
C0037773,http://purl.bioontology.org/ontology/SNOMEDCT/39912006,"{:orpha_id=>""http://www.orpha.net/ORDO/Orphanet_685""}",Hereditary spastic paraplegia
C0006111,http://purl.bioontology.org/ontology/SNOMEDCT/81308009,"{:orpha_id=>""""}",Disorder of brain
C0006111,http://purl.bioontology.org/ontology/SNOMEDCT/81308009,"{:orpha_id=>""""}",Disorder of brain
C1851920,http://purl.bioontology.org/ontology/SNOMEDCT/715768000,"{:orpha_id=>""http://www.orpha.net/ORDO/Orphanet_98808""}",Autosomal dominant dopa responsive dystonia
C1851920,http://purl.bioontology.org/ontology/SNOMEDCT/230332007,"{:orpha_id=>""""}",Diurnal dystonia
C0026850,http://purl.bioontology.org/ontology/SNOMEDCT/73297009,"{:orpha_id=>""http://www.orpha.net/ORDO/Orphanet_98473""}",Muscular dystrophy
C0026850,http://purl.bioontology.org/ontology/SNOMEDCT/73297009,"{:orpha_id=>""http://www.orpha.net/ORDO/Orphanet_98473""}",Muscular dystrophy
C0026850,http://purl.bioontology.org/ontology/SNOMEDCT/73297009,"{:orpha_id=>""http://www.orpha.net/ORDO/Orphanet_98473""}",Muscular dystrophy
C0026850,http://purl.bioontology.org/ontology/SNOMEDCT/73297009,"{:orpha_id=>""http://www.orpha.net/ORDO/Orphanet_98473""}",Muscular dystrophy
C0026850,http://purl.bioontology.org/ontology/SNOMEDCT/73297009,"{:orpha_id=>""http://www.orpha.net/ORDO/Orphanet_98473""}",Muscular dystrophy
C0027404,http://purl.bioontology.org/ontology/SNOMEDCT/60380001,"{:orpha_id=>""http://www.orpha.net/ORDO/Orphanet_619284""}",Narcolepsy
C0028754,http://purl.bioontology.org/ontology/SNOMEDCT/414915002,"{:orpha_id=>""""}",Obese
C0028754,http://purl.bioontology.org/ontology/SNOMEDCT/414915002,"{:orpha_id=>""""}",Obese
C0028754,http://purl.bioontology.org/ontology/SNOMEDCT/414915002,"{:orpha_id=>""""}",Obese
C0028754,http://purl.bioontology.org/ontology/SNOMEDCT/414915002,"{:orpha_id=>""""}",Obese
C0028754,http://purl.bioontology.org/ontology/SNOMEDCT/414915002,"{:orpha_id=>""""}",Obese
C1145670,http://purl.bioontology.org/ontology/SNOMEDCT/409622000,"{:orpha_id=>""""}",Respiratory failure
C0027609,http://purl.bioontology.org/ontology/SNOMEDCT/414819007,"{:orpha_id=>""""}",Neonatal abstinence syndrome
C0162292,http://purl.bioontology.org/ontology/SNOMEDCT/19373007,"{:orpha_id=>""""}",External ophthalmoplegia
C0004509,http://purl.bioontology.org/ontology/SNOMEDCT/48188009,"{:orpha_id=>""""}",Azoospermia
C0004509,http://purl.bioontology.org/ontology/SNOMEDCT/425558002,"{:orpha_id=>""""}",Azoospermia disorder
C0730362,http://purl.bioontology.org/ontology/SNOMEDCT/312999006,"{:orpha_id=>""""}",Disorder of macula of retina
C0270952,http://purl.bioontology.org/ontology/SNOMEDCT/77097004,"{:orpha_id=>""http://www.orpha.net/ORDO/Orphanet_270""}",Oculopharyngeal muscular dystrophy
C0008626,http://purl.bioontology.org/ontology/SNOMEDCT/74345006,"{:orpha_id=>""""}",Congenital chromosomal disease
C0008626,http://purl.bioontology.org/ontology/SNOMEDCT/409709004,"{:orpha_id=>""""}",Chromosomal disorder
C0162674,http://purl.bioontology.org/ontology/SNOMEDCT/46252003,"{:orpha_id=>""http://www.orpha.net/ORDO/Orphanet_520820""}",Progressive external ophthalmoplegia
C0162674,http://purl.bioontology.org/ontology/SNOMEDCT/46252003,"{:orpha_id=>""http://www.orpha.net/ORDO/Orphanet_520820""}",Progressive external ophthalmoplegia
C0027126,http://purl.bioontology.org/ontology/SNOMEDCT/1177122009,"{:orpha_id=>""http://www.orpha.net/ORDO/Orphanet_206647""}",Myotonic dystrophy
C0027126,http://purl.bioontology.org/ontology/SNOMEDCT/1177122009,"{:orpha_id=>""http://www.orpha.net/ORDO/Orphanet_206647""}",Myotonic dystrophy
C0027126,http://purl.bioontology.org/ontology/SNOMEDCT/1177122009,"{:orpha_id=>""http://www.orpha.net/ORDO/Orphanet_206647""}",Myotonic dystrophy
C0027126,http://purl.bioontology.org/ontology/SNOMEDCT/1177122009,"{:orpha_id=>""http://www.orpha.net/ORDO/Orphanet_206647""}",Myotonic dystrophy
C0027126,http://purl.bioontology.org/ontology/SNOMEDCT/1177122009,"{:orpha_id=>""http://www.orpha.net/ORDO/Orphanet_206647""}",Myotonic dystrophy
C0027126,http://purl.bioontology.org/ontology/SNOMEDCT/1177122009,"{:orpha_id=>""http://www.orpha.net/ORDO/Orphanet_206647""}",Myotonic dystrophy
C0027126,http://purl.bioontology.org/ontology/SNOMEDCT/1177122009,"{:orpha_id=>""http://www.orpha.net/ORDO/Orphanet_206647""}",Myotonic dystrophy
C0027126,http://purl.bioontology.org/ontology/SNOMEDCT/1177122009,"{:orpha_id=>""http://www.orpha.net/ORDO/Orphanet_206647""}",Myotonic dystrophy
C0027126,http://purl.bioontology.org/ontology/SNOMEDCT/1177122009,"{:orpha_id=>""http://www.orpha.net/ORDO/Orphanet_206647""}",Myotonic dystrophy
C0027126,http://purl.bioontology.org/ontology/SNOMEDCT/1177122009,"{:orpha_id=>""http://www.orpha.net/ORDO/Orphanet_206647""}",Myotonic dystrophy
C0027126,http://purl.bioontology.org/ontology/SNOMEDCT/1177122009,"{:orpha_id=>""http://www.orpha.net/ORDO/Orphanet_206647""}",Myotonic dystrophy
C0027126,http://purl.bioontology.org/ontology/SNOMEDCT/1177122009,"{:orpha_id=>""http://www.orpha.net/ORDO/Orphanet_206647""}",Myotonic dystrophy
C0027126,http://purl.bioontology.org/ontology/SNOMEDCT/1177122009,"{:orpha_id=>""http://www.orpha.net/ORDO/Orphanet_206647""}",Myotonic dystrophy
C0027126,http://purl.bioontology.org/ontology/SNOMEDCT/1177122009,"{:orpha_id=>""http://www.orpha.net/ORDO/Orphanet_206647""}",Myotonic dystrophy
C0027126,http://purl.bioontology.org/ontology/SNOMEDCT/1177122009,"{:orpha_id=>""http://www.orpha.net/ORDO/Orphanet_206647""}",Myotonic dystrophy
C0027126,http://purl.bioontology.org/ontology/SNOMEDCT/1177122009,"{:orpha_id=>""http://www.orpha.net/ORDO/Orphanet_206647""}",Myotonic dystrophy
C0027126,http://purl.bioontology.org/ontology/SNOMEDCT/1177122009,"{:orpha_id=>""http://www.orpha.net/ORDO/Orphanet_206647""}",Myotonic dystrophy
C0027126,http://purl.bioontology.org/ontology/SNOMEDCT/1177122009,"{:orpha_id=>""http://www.orpha.net/ORDO/Orphanet_206647""}",Myotonic dystrophy
C0027126,http://purl.bioontology.org/ontology/SNOMEDCT/1177122009,"{:orpha_id=>""http://www.orpha.net/ORDO/Orphanet_206647""}",Myotonic dystrophy
C0027126,http://purl.bioontology.org/ontology/SNOMEDCT/1177122009,"{:orpha_id=>""http://www.orpha.net/ORDO/Orphanet_206647""}",Myotonic dystrophy
C0027126,http://purl.bioontology.org/ontology/SNOMEDCT/1177122009,"{:orpha_id=>""http://www.orpha.net/ORDO/Orphanet_206647""}",Myotonic dystrophy
C0027126,http://purl.bioontology.org/ontology/SNOMEDCT/1177122009,"{:orpha_id=>""http://www.orpha.net/ORDO/Orphanet_206647""}",Myotonic dystrophy
C0027126,http://purl.bioontology.org/ontology/SNOMEDCT/1177122009,"{:orpha_id=>""http://www.orpha.net/ORDO/Orphanet_206647""}",Myotonic dystrophy
C0027126,http://purl.bioontology.org/ontology/SNOMEDCT/1177122009,"{:orpha_id=>""http://www.orpha.net/ORDO/Orphanet_206647""}",Myotonic dystrophy
C0027126,http://purl.bioontology.org/ontology/SNOMEDCT/1177122009,"{:orpha_id=>""http://www.orpha.net/ORDO/Orphanet_206647""}",Myotonic dystrophy
C0027126,http://purl.bioontology.org/ontology/SNOMEDCT/1177122009,"{:orpha_id=>""http://www.orpha.net/ORDO/Orphanet_206647""}",Myotonic dystrophy
C0027126,http://purl.bioontology.org/ontology/SNOMEDCT/1177122009,"{:orpha_id=>""http://www.orpha.net/ORDO/Orphanet_206647""}",Myotonic dystrophy
C0027126,http://purl.bioontology.org/ontology/SNOMEDCT/1177122009,"{:orpha_id=>""http://www.orpha.net/ORDO/Orphanet_206647""}",Myotonic dystrophy
C0027126,http://purl.bioontology.org/ontology/SNOMEDCT/1177122009,"{:orpha_id=>""http://www.orpha.net/ORDO/Orphanet_206647""}",Myotonic dystrophy
C0027126,http://purl.bioontology.org/ontology/SNOMEDCT/1177122009,"{:orpha_id=>""http://www.orpha.net/ORDO/Orphanet_206647""}",Myotonic dystrophy
C0027126,http://purl.bioontology.org/ontology/SNOMEDCT/1177122009,"{:orpha_id=>""http://www.orpha.net/ORDO/Orphanet_206647""}",Myotonic dystrophy
C0027126,http://purl.bioontology.org/ontology/SNOMEDCT/1177122009,"{:orpha_id=>""http://www.orpha.net/ORDO/Orphanet_206647""}",Myotonic dystrophy
C3266898,http://purl.bioontology.org/ontology/SNOMEDCT/47434006,"{:orpha_id=>""http://www.orpha.net/ORDO/Orphanet_3440""}",Waardenburg syndrome
C0026848,http://purl.bioontology.org/ontology/SNOMEDCT/129565002,"{:orpha_id=>""""}",Disorder of muscle
C0026848,http://purl.bioontology.org/ontology/SNOMEDCT/129565002,"{:orpha_id=>""""}",Disorder of muscle
C0026848,http://purl.bioontology.org/ontology/SNOMEDCT/129565002,"{:orpha_id=>""""}",Disorder of muscle
C0026848,http://purl.bioontology.org/ontology/SNOMEDCT/129565002,"{:orpha_id=>""""}",Disorder of muscle
C0026848,http://purl.bioontology.org/ontology/SNOMEDCT/129565002,"{:orpha_id=>""""}",Disorder of muscle
C0026848,http://purl.bioontology.org/ontology/SNOMEDCT/129565002,"{:orpha_id=>""""}",Disorder of muscle
C0026848,http://purl.bioontology.org/ontology/SNOMEDCT/129565002,"{:orpha_id=>""""}",Disorder of muscle
C0026848,http://purl.bioontology.org/ontology/SNOMEDCT/129565002,"{:orpha_id=>""""}",Disorder of muscle
C0026848,http://purl.bioontology.org/ontology/SNOMEDCT/129565002,"{:orpha_id=>""""}",Disorder of muscle
C0026848,http://purl.bioontology.org/ontology/SNOMEDCT/129565002,"{:orpha_id=>""""}",Disorder of muscle
C0026848,http://purl.bioontology.org/ontology/SNOMEDCT/129565002,"{:orpha_id=>""""}",Disorder of muscle
C0026848,http://purl.bioontology.org/ontology/SNOMEDCT/129565002,"{:orpha_id=>""""}",Disorder of muscle
C0026848,http://purl.bioontology.org/ontology/SNOMEDCT/129565002,"{:orpha_id=>""""}",Disorder of muscle
C0026848,http://purl.bioontology.org/ontology/SNOMEDCT/129565002,"{:orpha_id=>""""}",Disorder of muscle
C0026848,http://purl.bioontology.org/ontology/SNOMEDCT/129565002,"{:orpha_id=>""""}",Disorder of muscle
C0026848,http://purl.bioontology.org/ontology/SNOMEDCT/129565002,"{:orpha_id=>""""}",Disorder of muscle
C0016667,http://purl.bioontology.org/ontology/SNOMEDCT/613003,"{:orpha_id=>""http://www.orpha.net/ORDO/Orphanet_908""}",Fragile X syndrome
C0025517,http://purl.bioontology.org/ontology/SNOMEDCT/30390004,"{:orpha_id=>""""}",Generalized metabolic disorder
C0025517,http://purl.bioontology.org/ontology/SNOMEDCT/75934005,"{:orpha_id=>""""}",Metabolic disease
C0025517,http://purl.bioontology.org/ontology/SNOMEDCT/30390004,"{:orpha_id=>""""}",Generalized metabolic disorder
C0025517,http://purl.bioontology.org/ontology/SNOMEDCT/75934005,"{:orpha_id=>""""}",Metabolic disease
C0025517,http://purl.bioontology.org/ontology/SNOMEDCT/30390004,"{:orpha_id=>""""}",Generalized metabolic disorder
C0025517,http://purl.bioontology.org/ontology/SNOMEDCT/75934005,"{:orpha_id=>""""}",Metabolic disease
C0025517,http://purl.bioontology.org/ontology/SNOMEDCT/30390004,"{:orpha_id=>""""}",Generalized metabolic disorder
C0025517,http://purl.bioontology.org/ontology/SNOMEDCT/75934005,"{:orpha_id=>""""}",Metabolic disease
C0025517,http://purl.bioontology.org/ontology/SNOMEDCT/30390004,"{:orpha_id=>""""}",Generalized metabolic disorder
C0025517,http://purl.bioontology.org/ontology/SNOMEDCT/75934005,"{:orpha_id=>""""}",Metabolic disease
C0025517,http://purl.bioontology.org/ontology/SNOMEDCT/30390004,"{:orpha_id=>""""}",Generalized metabolic disorder
C0025517,http://purl.bioontology.org/ontology/SNOMEDCT/75934005,"{:orpha_id=>""""}",Metabolic disease
C1848954,http://purl.bioontology.org/ontology/SNOMEDCT/425492002,"{:orpha_id=>""""}",Generalized dystonia
C0032285,http://purl.bioontology.org/ontology/SNOMEDCT/233604007,"{:orpha_id=>""""}",Pneumonia
C1290884,http://purl.bioontology.org/ontology/SNOMEDCT/128139000,"{:orpha_id=>""""}",Inflammatory disorder
C1290884,http://purl.bioontology.org/ontology/SNOMEDCT/128139000,"{:orpha_id=>""""}",Inflammatory disorder
C1290884,http://purl.bioontology.org/ontology/SNOMEDCT/128139000,"{:orpha_id=>""""}",Inflammatory disorder
C1290884,http://purl.bioontology.org/ontology/SNOMEDCT/128139000,"{:orpha_id=>""""}",Inflammatory disorder
C1290884,http://purl.bioontology.org/ontology/SNOMEDCT/128139000,"{:orpha_id=>""""}",Inflammatory disorder
C0431399,http://purl.bioontology.org/ontology/SNOMEDCT/716997004,"{:orpha_id=>""http://www.orpha.net/ORDO/Orphanet_475""}",Joubert syndrome
C0431399,http://purl.bioontology.org/ontology/SNOMEDCT/253175003,"{:orpha_id=>""""}",Familial aplasia of the vermis
C1843807,http://purl.bioontology.org/ontology/SNOMEDCT/703522009,"{:orpha_id=>""http://www.orpha.net/ORDO/Orphanet_65284""}",Biotin-thiamine-responsive basal ganglia disease
C0268237,http://purl.bioontology.org/ontology/SNOMEDCT/67434000,"{:orpha_id=>""""}",Cytochrome-c oxidase deficiency
C0268237,http://purl.bioontology.org/ontology/SNOMEDCT/67434000,"{:orpha_id=>""""}",Cytochrome-c oxidase deficiency
C0268237,http://purl.bioontology.org/ontology/SNOMEDCT/67434000,"{:orpha_id=>""""}",Cytochrome-c oxidase deficiency
C0268237,http://purl.bioontology.org/ontology/SNOMEDCT/67434000,"{:orpha_id=>""""}",Cytochrome-c oxidase deficiency
C0268237,http://purl.bioontology.org/ontology/SNOMEDCT/67434000,"{:orpha_id=>""""}",Cytochrome-c oxidase deficiency
C0268237,http://purl.bioontology.org/ontology/SNOMEDCT/67434000,"{:orpha_id=>""""}",Cytochrome-c oxidase deficiency
C0007194,http://purl.bioontology.org/ontology/SNOMEDCT/233873004,"{:orpha_id=>""""}",Hypertrophic cardiomyopathy
C0007194,http://purl.bioontology.org/ontology/SNOMEDCT/233873004,"{:orpha_id=>""""}",Hypertrophic cardiomyopathy
C1857355,http://purl.bioontology.org/ontology/SNOMEDCT/718219002,"{:orpha_id=>""http://www.orpha.net/ORDO/Orphanet_70472""}",Congenital lactic acidosis Saguenay-Lac-Saint-Jean type
C1857355,http://purl.bioontology.org/ontology/SNOMEDCT/718219002,"{:orpha_id=>""http://www.orpha.net/ORDO/Orphanet_70472""}",Congenital lactic acidosis Saguenay-Lac-Saint-Jean type
C1857355,http://purl.bioontology.org/ontology/SNOMEDCT/718219002,"{:orpha_id=>""http://www.orpha.net/ORDO/Orphanet_70472""}",Congenital lactic acidosis Saguenay-Lac-Saint-Jean type
C0162670,http://purl.bioontology.org/ontology/SNOMEDCT/16851005,"{:orpha_id=>""http://www.orpha.net/ORDO/Orphanet_206966""}",Mitochondrial myopathy
C0162670,http://purl.bioontology.org/ontology/SNOMEDCT/16851005,"{:orpha_id=>""http://www.orpha.net/ORDO/Orphanet_206966""}",Mitochondrial myopathy
C0162670,http://purl.bioontology.org/ontology/SNOMEDCT/16851005,"{:orpha_id=>""http://www.orpha.net/ORDO/Orphanet_206966""}",Mitochondrial myopathy
C0001125,http://purl.bioontology.org/ontology/SNOMEDCT/91273001,"{:orpha_id=>""""}",Lactic acidosis
C0001125,http://purl.bioontology.org/ontology/SNOMEDCT/91273001,"{:orpha_id=>""""}",Lactic acidosis
C0001125,http://purl.bioontology.org/ontology/SNOMEDCT/91273001,"{:orpha_id=>""""}",Lactic acidosis
C0015544,http://purl.bioontology.org/ontology/SNOMEDCT/54840006,"{:orpha_id=>""""}",Failure to thrive
C0015544,http://purl.bioontology.org/ontology/SNOMEDCT/54840006,"{:orpha_id=>""""}",Failure to thrive
C0917796,http://purl.bioontology.org/ontology/SNOMEDCT/58610003,"{:orpha_id=>""""}",Leber's optic atrophy
C0917796,http://purl.bioontology.org/ontology/SNOMEDCT/58610003,"{:orpha_id=>""""}",Leber's optic atrophy
C0917796,http://purl.bioontology.org/ontology/SNOMEDCT/58610003,"{:orpha_id=>""""}",Leber's optic atrophy
C0038454,http://purl.bioontology.org/ontology/SNOMEDCT/230690007,"{:orpha_id=>""""}",Cerebrovascular accident
C0038454,http://purl.bioontology.org/ontology/SNOMEDCT/230690007,"{:orpha_id=>""""}",Cerebrovascular accident
C0035078,http://purl.bioontology.org/ontology/SNOMEDCT/42399005,"{:orpha_id=>""""}",Renal failure syndrome
C0221505,http://purl.bioontology.org/ontology/SNOMEDCT/301766008,"{:orpha_id=>""""}",Lesion of brain
C1838979,http://purl.bioontology.org/ontology/SNOMEDCT/237988006,"{:orpha_id=>""""}",Nicotinamide adenine dinucleotide coenzyme Q reductase deficiency
C1838979,http://purl.bioontology.org/ontology/SNOMEDCT/237988006,"{:orpha_id=>""""}",Nicotinamide adenine dinucleotide coenzyme Q reductase deficiency
C1838979,http://purl.bioontology.org/ontology/SNOMEDCT/237988006,"{:orpha_id=>""""}",Nicotinamide adenine dinucleotide coenzyme Q reductase deficiency
C0221355,http://purl.bioontology.org/ontology/SNOMEDCT/12138000,"{:orpha_id=>""""}",Large head
C0023520,http://purl.bioontology.org/ontology/SNOMEDCT/192781003,"{:orpha_id=>""http://www.orpha.net/ORDO/Orphanet_68356""}",Leukodystrophy
C0494475,http://purl.bioontology.org/ontology/SNOMEDCT/1217136003,"{:orpha_id=>""""}",Tonic-clonic epileptic seizure
C0162666,http://purl.bioontology.org/ontology/SNOMEDCT/447292006,"{:orpha_id=>""""}",Mitochondrial encephalomyopathy
C0162666,http://purl.bioontology.org/ontology/SNOMEDCT/447292006,"{:orpha_id=>""""}",Mitochondrial encephalomyopathy
C0162666,http://purl.bioontology.org/ontology/SNOMEDCT/447292006,"{:orpha_id=>""""}",Mitochondrial encephalomyopathy
C0162666,http://purl.bioontology.org/ontology/SNOMEDCT/447292006,"{:orpha_id=>""""}",Mitochondrial encephalomyopathy
C0007682,http://purl.bioontology.org/ontology/SNOMEDCT/23853001,"{:orpha_id=>""""}",Disorder of the central nervous system
C0007682,http://purl.bioontology.org/ontology/SNOMEDCT/23853001,"{:orpha_id=>""""}",Disorder of the central nervous system
C0878544,http://purl.bioontology.org/ontology/SNOMEDCT/85898001,"{:orpha_id=>""""}",Cardiomyopathy
C0878544,http://purl.bioontology.org/ontology/SNOMEDCT/57809008,"{:orpha_id=>""""}",Myocardial disease
C0878544,http://purl.bioontology.org/ontology/SNOMEDCT/85898001,"{:orpha_id=>""""}",Cardiomyopathy
C0878544,http://purl.bioontology.org/ontology/SNOMEDCT/57809008,"{:orpha_id=>""""}",Myocardial disease
C0878544,http://purl.bioontology.org/ontology/SNOMEDCT/85898001,"{:orpha_id=>""""}",Cardiomyopathy
C0878544,http://purl.bioontology.org/ontology/SNOMEDCT/57809008,"{:orpha_id=>""""}",Myocardial disease
C0878544,http://purl.bioontology.org/ontology/SNOMEDCT/85898001,"{:orpha_id=>""""}",Cardiomyopathy
C0878544,http://purl.bioontology.org/ontology/SNOMEDCT/57809008,"{:orpha_id=>""""}",Myocardial disease
C0878544,http://purl.bioontology.org/ontology/SNOMEDCT/85898001,"{:orpha_id=>""""}",Cardiomyopathy
C0878544,http://purl.bioontology.org/ontology/SNOMEDCT/57809008,"{:orpha_id=>""""}",Myocardial disease
C0878544,http://purl.bioontology.org/ontology/SNOMEDCT/85898001,"{:orpha_id=>""""}",Cardiomyopathy
C0878544,http://purl.bioontology.org/ontology/SNOMEDCT/57809008,"{:orpha_id=>""""}",Myocardial disease
C0878544,http://purl.bioontology.org/ontology/SNOMEDCT/85898001,"{:orpha_id=>""""}",Cardiomyopathy
C0878544,http://purl.bioontology.org/ontology/SNOMEDCT/57809008,"{:orpha_id=>""""}",Myocardial disease
C0023895,http://purl.bioontology.org/ontology/SNOMEDCT/235856003,"{:orpha_id=>""""}",Disease of liver
C0023895,http://purl.bioontology.org/ontology/SNOMEDCT/235856003,"{:orpha_id=>""""}",Disease of liver
C0023895,http://purl.bioontology.org/ontology/SNOMEDCT/235856003,"{:orpha_id=>""""}",Disease of liver
C0023895,http://purl.bioontology.org/ontology/SNOMEDCT/235856003,"{:orpha_id=>""""}",Disease of liver
C0023895,http://purl.bioontology.org/ontology/SNOMEDCT/235856003,"{:orpha_id=>""""}",Disease of liver
C0023895,http://purl.bioontology.org/ontology/SNOMEDCT/235856003,"{:orpha_id=>""""}",Disease of liver
C0270612,http://purl.bioontology.org/ontology/SNOMEDCT/22811006,"{:orpha_id=>""""}",Leukoencephalopathy
C0270612,http://purl.bioontology.org/ontology/SNOMEDCT/16058431000119104,"{:orpha_id=>""""}",White matter disease
C0270612,http://purl.bioontology.org/ontology/SNOMEDCT/22811006,"{:orpha_id=>""""}",Leukoencephalopathy
C0270612,http://purl.bioontology.org/ontology/SNOMEDCT/16058431000119104,"{:orpha_id=>""""}",White matter disease
C0270612,http://purl.bioontology.org/ontology/SNOMEDCT/22811006,"{:orpha_id=>""""}",Leukoencephalopathy
C0270612,http://purl.bioontology.org/ontology/SNOMEDCT/16058431000119104,"{:orpha_id=>""""}",White matter disease
C0442893,http://purl.bioontology.org/ontology/SNOMEDCT/264578000,"{:orpha_id=>""""}",Systemic illness
C0442893,http://purl.bioontology.org/ontology/SNOMEDCT/56019007,"{:orpha_id=>""""}",Systemic disease
C0149931,http://purl.bioontology.org/ontology/SNOMEDCT/37796009,"{:orpha_id=>""""}",Migraine
C0149931,http://purl.bioontology.org/ontology/SNOMEDCT/37796009,"{:orpha_id=>""""}",Migraine
C0149931,http://purl.bioontology.org/ontology/SNOMEDCT/37796009,"{:orpha_id=>""""}",Migraine
C0149931,http://purl.bioontology.org/ontology/SNOMEDCT/37796009,"{:orpha_id=>""""}",Migraine
C0085605,http://purl.bioontology.org/ontology/SNOMEDCT/59927004,"{:orpha_id=>""""}",Hepatic failure
C0085605,http://purl.bioontology.org/ontology/SNOMEDCT/59927004,"{:orpha_id=>""""}",Hepatic failure
C0085605,http://purl.bioontology.org/ontology/SNOMEDCT/59927004,"{:orpha_id=>""""}",Hepatic failure
C0020615,http://purl.bioontology.org/ontology/SNOMEDCT/237630007,"{:orpha_id=>""""}",Hypoglycemic disorder
C0020615,http://purl.bioontology.org/ontology/SNOMEDCT/271327008,"{:orpha_id=>""""}",Hypoglycemic syndrome
C0020615,http://purl.bioontology.org/ontology/SNOMEDCT/302866003,"{:orpha_id=>""""}",Hypoglycemia
C0020615,http://purl.bioontology.org/ontology/SNOMEDCT/237630007,"{:orpha_id=>""""}",Hypoglycemic disorder
C0020615,http://purl.bioontology.org/ontology/SNOMEDCT/271327008,"{:orpha_id=>""""}",Hypoglycemic syndrome
C0020615,http://purl.bioontology.org/ontology/SNOMEDCT/302866003,"{:orpha_id=>""""}",Hypoglycemia
C2931092,http://purl.bioontology.org/ontology/SNOMEDCT/717052002,"{:orpha_id=>""""}",Maternally inherited Leigh syndrome
C0035334,http://purl.bioontology.org/ontology/SNOMEDCT/28835009,"{:orpha_id=>""http://www.orpha.net/ORDO/Orphanet_791""}",Retinitis pigmentosa
C1970180,http://purl.bioontology.org/ontology/SNOMEDCT/703537008,"{:orpha_id=>""""}",Leukoencephalopathy with brainstem and spinal cord involvement and lactate elevation
C1970180,http://purl.bioontology.org/ontology/SNOMEDCT/735421004,"{:orpha_id=>""""}",Leukoencephalopathy with brain stem and spinal cord involvement and high lactate syndrome
C0010709,http://purl.bioontology.org/ontology/SNOMEDCT/367643001,"{:orpha_id=>""""}",Cyst
C0010709,http://purl.bioontology.org/ontology/SNOMEDCT/441457006,"{:orpha_id=>""""}",Cyst
C0006112,http://purl.bioontology.org/ontology/SNOMEDCT/50122000,"{:orpha_id=>""""}",Metabolic encephalopathy
C0025521,http://purl.bioontology.org/ontology/SNOMEDCT/86095007,"{:orpha_id=>""""}",Inborn error of metabolism
C0948008,http://purl.bioontology.org/ontology/SNOMEDCT/422504002,"{:orpha_id=>""""}",Ischemic stroke
C0948008,http://purl.bioontology.org/ontology/SNOMEDCT/422504002,"{:orpha_id=>""""}",Ischemic stroke
C0020555,http://purl.bioontology.org/ontology/SNOMEDCT/29966009,"{:orpha_id=>""""}",Hypertrichosis
C0020555,http://purl.bioontology.org/ontology/SNOMEDCT/271607001,"{:orpha_id=>""""}",Excessive hair growth
C0033377,http://purl.bioontology.org/ontology/SNOMEDCT/29696001,"{:orpha_id=>""""}",Prolapse
C0205711,http://purl.bioontology.org/ontology/SNOMEDCT/64855000,"{:orpha_id=>""http://www.orpha.net/ORDO/Orphanet_702""}",Pelizaeus-Merzbacher disease
C0268595,http://purl.bioontology.org/ontology/SNOMEDCT/360416003,"{:orpha_id=>""http://www.orpha.net/ORDO/Orphanet_25""}",Glutaryl-CoA dehydrogenase deficiency
C0268595,http://purl.bioontology.org/ontology/SNOMEDCT/360416003,"{:orpha_id=>""http://www.orpha.net/ORDO/Orphanet_25""}",Glutaryl-CoA dehydrogenase deficiency
C0268595,http://purl.bioontology.org/ontology/SNOMEDCT/360416003,"{:orpha_id=>""http://www.orpha.net/ORDO/Orphanet_25""}",Glutaryl-CoA dehydrogenase deficiency
C0497552,http://purl.bioontology.org/ontology/SNOMEDCT/88425004,"{:orpha_id=>""""}",Congenital anomaly of nervous system
C0022541,http://purl.bioontology.org/ontology/SNOMEDCT/25792000,"{:orpha_id=>""http://www.orpha.net/ORDO/Orphanet_480""}",Kearns-Sayre syndrome
C0022541,http://purl.bioontology.org/ontology/SNOMEDCT/77835008,"{:orpha_id=>""""}",Ophthalmoplegia plus syndrome
C0022541,http://purl.bioontology.org/ontology/SNOMEDCT/25792000,"{:orpha_id=>""http://www.orpha.net/ORDO/Orphanet_480""}",Kearns-Sayre syndrome
C0022541,http://purl.bioontology.org/ontology/SNOMEDCT/77835008,"{:orpha_id=>""""}",Ophthalmoplegia plus syndrome
C0751778,http://purl.bioontology.org/ontology/SNOMEDCT/267581004,"{:orpha_id=>""http://www.orpha.net/ORDO/Orphanet_98261""}",Progressive myoclonic epilepsy
C0039841,http://purl.bioontology.org/ontology/SNOMEDCT/399357009,"{:orpha_id=>""""}",Thiamine deficiency
C0007795,http://purl.bioontology.org/ontology/SNOMEDCT/49692006,"{:orpha_id=>""""}",Schilder's disease
C0022658,http://purl.bioontology.org/ontology/SNOMEDCT/90708001,"{:orpha_id=>""""}",Kidney disease
C0162672,http://purl.bioontology.org/ontology/SNOMEDCT/230426003,"{:orpha_id=>""""}",Myoclonic epilepsy with ragged red fibers
C0162672,http://purl.bioontology.org/ontology/SNOMEDCT/230426003,"{:orpha_id=>""""}",Myoclonic epilepsy with ragged red fibers
C0027868,http://purl.bioontology.org/ontology/SNOMEDCT/257277002,"{:orpha_id=>""""}",Myoneural disorder
C0027868,http://purl.bioontology.org/ontology/SNOMEDCT/255522009,"{:orpha_id=>""""}",Neuromyopathy
C0027868,http://purl.bioontology.org/ontology/SNOMEDCT/257277002,"{:orpha_id=>""""}",Myoneural disorder
C0027868,http://purl.bioontology.org/ontology/SNOMEDCT/255522009,"{:orpha_id=>""""}",Neuromyopathy
C0027868,http://purl.bioontology.org/ontology/SNOMEDCT/257277002,"{:orpha_id=>""""}",Myoneural disorder
C0027868,http://purl.bioontology.org/ontology/SNOMEDCT/255522009,"{:orpha_id=>""""}",Neuromyopathy
C0027868,http://purl.bioontology.org/ontology/SNOMEDCT/257277002,"{:orpha_id=>""""}",Myoneural disorder
C0027868,http://purl.bioontology.org/ontology/SNOMEDCT/255522009,"{:orpha_id=>""""}",Neuromyopathy
C0027868,http://purl.bioontology.org/ontology/SNOMEDCT/257277002,"{:orpha_id=>""""}",Myoneural disorder
C0027868,http://purl.bioontology.org/ontology/SNOMEDCT/255522009,"{:orpha_id=>""""}",Neuromyopathy
C0011849,http://purl.bioontology.org/ontology/SNOMEDCT/73211009,"{:orpha_id=>""""}",Diabetes mellitus
C0011849,http://purl.bioontology.org/ontology/SNOMEDCT/73211009,"{:orpha_id=>""""}",Diabetes mellitus
C0023890,http://purl.bioontology.org/ontology/SNOMEDCT/19943007,"{:orpha_id=>""""}",Cirrhosis of liver
C0751951,http://purl.bioontology.org/ontology/SNOMEDCT/43152001,"{:orpha_id=>""http://www.orpha.net/ORDO/Orphanet_597""}",Central core disease
C0042345,http://purl.bioontology.org/ontology/SNOMEDCT/128060009,"{:orpha_id=>""""}",Venous varices
C0042345,http://purl.bioontology.org/ontology/SNOMEDCT/12856003,"{:orpha_id=>""""}",Varix
C0042345,http://purl.bioontology.org/ontology/SNOMEDCT/399989005,"{:orpha_id=>""""}",Phlebectasia
C0031485,http://purl.bioontology.org/ontology/SNOMEDCT/190687004,"{:orpha_id=>""http://www.orpha.net/ORDO/Orphanet_716""}",Phenylketonuria
C0031485,http://purl.bioontology.org/ontology/SNOMEDCT/190687004,"{:orpha_id=>""http://www.orpha.net/ORDO/Orphanet_716""}",Phenylketonuria
C0031485,http://purl.bioontology.org/ontology/SNOMEDCT/190687004,"{:orpha_id=>""http://www.orpha.net/ORDO/Orphanet_716""}",Phenylketonuria
C0031485,http://purl.bioontology.org/ontology/SNOMEDCT/190687004,"{:orpha_id=>""http://www.orpha.net/ORDO/Orphanet_716""}",Phenylketonuria
C0031485,http://purl.bioontology.org/ontology/SNOMEDCT/190687004,"{:orpha_id=>""http://www.orpha.net/ORDO/Orphanet_716""}",Phenylketonuria
C0031485,http://purl.bioontology.org/ontology/SNOMEDCT/190687004,"{:orpha_id=>""http://www.orpha.net/ORDO/Orphanet_716""}",Phenylketonuria
C0031485,http://purl.bioontology.org/ontology/SNOMEDCT/190687004,"{:orpha_id=>""http://www.orpha.net/ORDO/Orphanet_716""}",Phenylketonuria
C0031485,http://purl.bioontology.org/ontology/SNOMEDCT/190687004,"{:orpha_id=>""http://www.orpha.net/ORDO/Orphanet_716""}",Phenylketonuria
C0031485,http://purl.bioontology.org/ontology/SNOMEDCT/190687004,"{:orpha_id=>""http://www.orpha.net/ORDO/Orphanet_716""}",Phenylketonuria
C0031485,http://purl.bioontology.org/ontology/SNOMEDCT/190687004,"{:orpha_id=>""http://www.orpha.net/ORDO/Orphanet_716""}",Phenylketonuria
C0031485,http://purl.bioontology.org/ontology/SNOMEDCT/190687004,"{:orpha_id=>""http://www.orpha.net/ORDO/Orphanet_716""}",Phenylketonuria
C0031485,http://purl.bioontology.org/ontology/SNOMEDCT/190687004,"{:orpha_id=>""http://www.orpha.net/ORDO/Orphanet_716""}",Phenylketonuria
C0031485,http://purl.bioontology.org/ontology/SNOMEDCT/190687004,"{:orpha_id=>""http://www.orpha.net/ORDO/Orphanet_716""}",Phenylketonuria
C0031485,http://purl.bioontology.org/ontology/SNOMEDCT/190687004,"{:orpha_id=>""http://www.orpha.net/ORDO/Orphanet_716""}",Phenylketonuria
C0031485,http://purl.bioontology.org/ontology/SNOMEDCT/190687004,"{:orpha_id=>""http://www.orpha.net/ORDO/Orphanet_716""}",Phenylketonuria
C0031485,http://purl.bioontology.org/ontology/SNOMEDCT/190687004,"{:orpha_id=>""http://www.orpha.net/ORDO/Orphanet_716""}",Phenylketonuria
C0031485,http://purl.bioontology.org/ontology/SNOMEDCT/190687004,"{:orpha_id=>""http://www.orpha.net/ORDO/Orphanet_716""}",Phenylketonuria
C0031485,http://purl.bioontology.org/ontology/SNOMEDCT/190687004,"{:orpha_id=>""http://www.orpha.net/ORDO/Orphanet_716""}",Phenylketonuria
C0031485,http://purl.bioontology.org/ontology/SNOMEDCT/190687004,"{:orpha_id=>""http://www.orpha.net/ORDO/Orphanet_716""}",Phenylketonuria
C0031485,http://purl.bioontology.org/ontology/SNOMEDCT/190687004,"{:orpha_id=>""http://www.orpha.net/ORDO/Orphanet_716""}",Phenylketonuria
C0031485,http://purl.bioontology.org/ontology/SNOMEDCT/190687004,"{:orpha_id=>""http://www.orpha.net/ORDO/Orphanet_716""}",Phenylketonuria
C0031485,http://purl.bioontology.org/ontology/SNOMEDCT/190687004,"{:orpha_id=>""http://www.orpha.net/ORDO/Orphanet_716""}",Phenylketonuria
C0031485,http://purl.bioontology.org/ontology/SNOMEDCT/190687004,"{:orpha_id=>""http://www.orpha.net/ORDO/Orphanet_716""}",Phenylketonuria
C0031485,http://purl.bioontology.org/ontology/SNOMEDCT/190687004,"{:orpha_id=>""http://www.orpha.net/ORDO/Orphanet_716""}",Phenylketonuria
C0031485,http://purl.bioontology.org/ontology/SNOMEDCT/190687004,"{:orpha_id=>""http://www.orpha.net/ORDO/Orphanet_716""}",Phenylketonuria
C0031485,http://purl.bioontology.org/ontology/SNOMEDCT/190687004,"{:orpha_id=>""http://www.orpha.net/ORDO/Orphanet_716""}",Phenylketonuria
C0031485,http://purl.bioontology.org/ontology/SNOMEDCT/190687004,"{:orpha_id=>""http://www.orpha.net/ORDO/Orphanet_716""}",Phenylketonuria
C0031485,http://purl.bioontology.org/ontology/SNOMEDCT/190687004,"{:orpha_id=>""http://www.orpha.net/ORDO/Orphanet_716""}",Phenylketonuria
C0031485,http://purl.bioontology.org/ontology/SNOMEDCT/190687004,"{:orpha_id=>""http://www.orpha.net/ORDO/Orphanet_716""}",Phenylketonuria
C0031485,http://purl.bioontology.org/ontology/SNOMEDCT/190687004,"{:orpha_id=>""http://www.orpha.net/ORDO/Orphanet_716""}",Phenylketonuria
C0031485,http://purl.bioontology.org/ontology/SNOMEDCT/190687004,"{:orpha_id=>""http://www.orpha.net/ORDO/Orphanet_716""}",Phenylketonuria
C0031485,http://purl.bioontology.org/ontology/SNOMEDCT/190687004,"{:orpha_id=>""http://www.orpha.net/ORDO/Orphanet_716""}",Phenylketonuria
C0031485,http://purl.bioontology.org/ontology/SNOMEDCT/190687004,"{:orpha_id=>""http://www.orpha.net/ORDO/Orphanet_716""}",Phenylketonuria
C0031485,http://purl.bioontology.org/ontology/SNOMEDCT/190687004,"{:orpha_id=>""http://www.orpha.net/ORDO/Orphanet_716""}",Phenylketonuria
C0268465,http://purl.bioontology.org/ontology/SNOMEDCT/58256000,"{:orpha_id=>""http://www.orpha.net/ORDO/Orphanet_226""}",Dihydropteridine reductase deficiency
C0020538,http://purl.bioontology.org/ontology/SNOMEDCT/38341003,"{:orpha_id=>""""}",Hypertensive disorder
C1414216,http://purl.bioontology.org/ontology/SNOMEDCT/702448007,"{:orpha_id=>""""}",Dystonia 6
C1285355,http://purl.bioontology.org/ontology/SNOMEDCT/363202005,"{:orpha_id=>""""}",Mendelian disorders
C1285355,http://purl.bioontology.org/ontology/SNOMEDCT/363202005,"{:orpha_id=>""""}",Mendelian disorders
C1285355,http://purl.bioontology.org/ontology/SNOMEDCT/363202005,"{:orpha_id=>""""}",Mendelian disorders
C0018784,http://purl.bioontology.org/ontology/SNOMEDCT/60700002,"{:orpha_id=>""""}",Sensorineural hearing loss
C0018784,http://purl.bioontology.org/ontology/SNOMEDCT/60700002,"{:orpha_id=>""""}",Sensorineural hearing loss
C0018784,http://purl.bioontology.org/ontology/SNOMEDCT/60700002,"{:orpha_id=>""""}",Sensorineural hearing loss
C0410000,http://purl.bioontology.org/ontology/SNOMEDCT/276657008,"{:orpha_id=>""""}",Overlap syndrome
C0854723,http://purl.bioontology.org/ontology/SNOMEDCT/314407005,"{:orpha_id=>""""}",Retinal dystrophy
C0854723,http://purl.bioontology.org/ontology/SNOMEDCT/314407005,"{:orpha_id=>""""}",Retinal dystrophy
C0854723,http://purl.bioontology.org/ontology/SNOMEDCT/314407005,"{:orpha_id=>""""}",Retinal dystrophy
C0854723,http://purl.bioontology.org/ontology/SNOMEDCT/314407005,"{:orpha_id=>""""}",Retinal dystrophy
C0013336,http://purl.bioontology.org/ontology/SNOMEDCT/237836003,"{:orpha_id=>""""}",Short stature disorder
C0013336,http://purl.bioontology.org/ontology/SNOMEDCT/422065006,"{:orpha_id=>""""}",Constitutional short stature
C0013336,http://purl.bioontology.org/ontology/SNOMEDCT/237837007,"{:orpha_id=>""""}",Primordial dwarfism
C0242354,http://purl.bioontology.org/ontology/SNOMEDCT/66091009,"{:orpha_id=>""""}",Congenital disease
C0242354,http://purl.bioontology.org/ontology/SNOMEDCT/66091009,"{:orpha_id=>""""}",Congenital disease
C0242354,http://purl.bioontology.org/ontology/SNOMEDCT/66091009,"{:orpha_id=>""""}",Congenital disease
C0242354,http://purl.bioontology.org/ontology/SNOMEDCT/66091009,"{:orpha_id=>""""}",Congenital disease
C0242354,http://purl.bioontology.org/ontology/SNOMEDCT/66091009,"{:orpha_id=>""""}",Congenital disease
C0242354,http://purl.bioontology.org/ontology/SNOMEDCT/66091009,"{:orpha_id=>""""}",Congenital disease
C0242354,http://purl.bioontology.org/ontology/SNOMEDCT/66091009,"{:orpha_id=>""""}",Congenital disease
C0242354,http://purl.bioontology.org/ontology/SNOMEDCT/66091009,"{:orpha_id=>""""}",Congenital disease
C0242354,http://purl.bioontology.org/ontology/SNOMEDCT/66091009,"{:orpha_id=>""""}",Congenital disease
C0242354,http://purl.bioontology.org/ontology/SNOMEDCT/66091009,"{:orpha_id=>""""}",Congenital disease
C0242354,http://purl.bioontology.org/ontology/SNOMEDCT/66091009,"{:orpha_id=>""""}",Congenital disease
C0242354,http://purl.bioontology.org/ontology/SNOMEDCT/66091009,"{:orpha_id=>""""}",Congenital disease
C0242354,http://purl.bioontology.org/ontology/SNOMEDCT/66091009,"{:orpha_id=>""""}",Congenital disease
C0242354,http://purl.bioontology.org/ontology/SNOMEDCT/66091009,"{:orpha_id=>""""}",Congenital disease
C0242354,http://purl.bioontology.org/ontology/SNOMEDCT/66091009,"{:orpha_id=>""""}",Congenital disease
C0242354,http://purl.bioontology.org/ontology/SNOMEDCT/66091009,"{:orpha_id=>""""}",Congenital disease
C0242354,http://purl.bioontology.org/ontology/SNOMEDCT/66091009,"{:orpha_id=>""""}",Congenital disease
C0242354,http://purl.bioontology.org/ontology/SNOMEDCT/66091009,"{:orpha_id=>""""}",Congenital disease
C0242354,http://purl.bioontology.org/ontology/SNOMEDCT/66091009,"{:orpha_id=>""""}",Congenital disease
C0242354,http://purl.bioontology.org/ontology/SNOMEDCT/66091009,"{:orpha_id=>""""}",Congenital disease
C0027092,http://purl.bioontology.org/ontology/SNOMEDCT/57190000,"{:orpha_id=>""""}",Myopia
C0410528,http://purl.bioontology.org/ontology/SNOMEDCT/105986008,"{:orpha_id=>""""}",Skeletal dysplasia
C0410528,http://purl.bioontology.org/ontology/SNOMEDCT/105986008,"{:orpha_id=>""""}",Skeletal dysplasia
C0158996,http://purl.bioontology.org/ontology/SNOMEDCT/47100003,"{:orpha_id=>""""}",Anemia of prematurity
C0010495,http://purl.bioontology.org/ontology/SNOMEDCT/58588007,"{:orpha_id=>""http://www.orpha.net/ORDO/Orphanet_209""}",Cutis laxa
C0018213,http://purl.bioontology.org/ontology/SNOMEDCT/353295004,"{:orpha_id=>""""}",Graves' disease
C1263858,http://purl.bioontology.org/ontology/SNOMEDCT/111503008,"{:orpha_id=>""""}",Merosin deficient congenital muscular dystrophy
C1263858,http://purl.bioontology.org/ontology/SNOMEDCT/787037000,"{:orpha_id=>""http://www.orpha.net/ORDO/Orphanet_258""}",Congenital muscular dystrophy type 1A
C1263858,http://purl.bioontology.org/ontology/SNOMEDCT/111503008,"{:orpha_id=>""""}",Merosin deficient congenital muscular dystrophy
C1263858,http://purl.bioontology.org/ontology/SNOMEDCT/787037000,"{:orpha_id=>""http://www.orpha.net/ORDO/Orphanet_258""}",Congenital muscular dystrophy type 1A
C1263858,http://purl.bioontology.org/ontology/SNOMEDCT/111503008,"{:orpha_id=>""""}",Merosin deficient congenital muscular dystrophy
C1263858,http://purl.bioontology.org/ontology/SNOMEDCT/787037000,"{:orpha_id=>""http://www.orpha.net/ORDO/Orphanet_258""}",Congenital muscular dystrophy type 1A
C0751882,http://purl.bioontology.org/ontology/SNOMEDCT/230672006,"{:orpha_id=>""http://www.orpha.net/ORDO/Orphanet_590""}",Congenital myasthenic syndrome
C0751882,http://purl.bioontology.org/ontology/SNOMEDCT/230672006,"{:orpha_id=>""http://www.orpha.net/ORDO/Orphanet_590""}",Congenital myasthenic syndrome
C0751882,http://purl.bioontology.org/ontology/SNOMEDCT/230672006,"{:orpha_id=>""http://www.orpha.net/ORDO/Orphanet_590""}",Congenital myasthenic syndrome
C0751882,http://purl.bioontology.org/ontology/SNOMEDCT/230672006,"{:orpha_id=>""http://www.orpha.net/ORDO/Orphanet_590""}",Congenital myasthenic syndrome
C0751882,http://purl.bioontology.org/ontology/SNOMEDCT/230672006,"{:orpha_id=>""http://www.orpha.net/ORDO/Orphanet_590""}",Congenital myasthenic syndrome
C0751882,http://purl.bioontology.org/ontology/SNOMEDCT/230672006,"{:orpha_id=>""http://www.orpha.net/ORDO/Orphanet_590""}",Congenital myasthenic syndrome
C0751882,http://purl.bioontology.org/ontology/SNOMEDCT/230672006,"{:orpha_id=>""http://www.orpha.net/ORDO/Orphanet_590""}",Congenital myasthenic syndrome
C0751882,http://purl.bioontology.org/ontology/SNOMEDCT/230672006,"{:orpha_id=>""http://www.orpha.net/ORDO/Orphanet_590""}",Congenital myasthenic syndrome
C0751882,http://purl.bioontology.org/ontology/SNOMEDCT/230672006,"{:orpha_id=>""http://www.orpha.net/ORDO/Orphanet_590""}",Congenital myasthenic syndrome
C0751882,http://purl.bioontology.org/ontology/SNOMEDCT/230672006,"{:orpha_id=>""http://www.orpha.net/ORDO/Orphanet_590""}",Congenital myasthenic syndrome
C0751882,http://purl.bioontology.org/ontology/SNOMEDCT/230672006,"{:orpha_id=>""http://www.orpha.net/ORDO/Orphanet_590""}",Congenital myasthenic syndrome
C0751882,http://purl.bioontology.org/ontology/SNOMEDCT/230672006,"{:orpha_id=>""http://www.orpha.net/ORDO/Orphanet_590""}",Congenital myasthenic syndrome
C1858854,http://purl.bioontology.org/ontology/SNOMEDCT/703536004,"{:orpha_id=>""http://www.orpha.net/ORDO/Orphanet_2478""}",Megalencephalic leukoencephalopathy with subcortical cysts
C0026896,http://purl.bioontology.org/ontology/SNOMEDCT/91637004,"{:orpha_id=>""http://www.orpha.net/ORDO/Orphanet_589""}",Myasthenia gravis
C3532239,http://purl.bioontology.org/ontology/SNOMEDCT/472315005,"{:orpha_id=>""""}",Mitochondrial cardiomyopathy
C0024776,http://purl.bioontology.org/ontology/SNOMEDCT/27718001,"{:orpha_id=>""http://www.orpha.net/ORDO/Orphanet_511""}",Maple syrup urine disease
C0024776,http://purl.bioontology.org/ontology/SNOMEDCT/27718001,"{:orpha_id=>""http://www.orpha.net/ORDO/Orphanet_511""}",Maple syrup urine disease
C0024776,http://purl.bioontology.org/ontology/SNOMEDCT/27718001,"{:orpha_id=>""http://www.orpha.net/ORDO/Orphanet_511""}",Maple syrup urine disease
C0024776,http://purl.bioontology.org/ontology/SNOMEDCT/27718001,"{:orpha_id=>""http://www.orpha.net/ORDO/Orphanet_511""}",Maple syrup urine disease
C0020619,http://purl.bioontology.org/ontology/SNOMEDCT/48130008,"{:orpha_id=>""""}",Hypogonadism
C1328349,http://purl.bioontology.org/ontology/SNOMEDCT/237984008,"{:orpha_id=>""http://www.orpha.net/ORDO/Orphanet_644""}",NARP syndrome
C0017924,http://purl.bioontology.org/ontology/SNOMEDCT/55912009,"{:orpha_id=>""""}","Glycogen storage disease, type V"
C1850406,http://purl.bioontology.org/ontology/SNOMEDCT/784346006,"{:orpha_id=>""http://www.orpha.net/ORDO/Orphanet_255229""}",Navajo neurohepatopathy
C0342778,http://purl.bioontology.org/ontology/SNOMEDCT/237990007,"{:orpha_id=>""""}",Ubiquinone dehydrogenase deficiency
C0393706,http://purl.bioontology.org/ontology/SNOMEDCT/230429005,"{:orpha_id=>""""}",Early infantile epileptic encephalopathy with suppression bursts
C0007785,http://purl.bioontology.org/ontology/SNOMEDCT/432504007,"{:orpha_id=>""""}",Cerebral infarction
C0007193,http://purl.bioontology.org/ontology/SNOMEDCT/399020009,"{:orpha_id=>""http://www.orpha.net/ORDO/Orphanet_217604""}",Dilated cardiomyopathy
C0007193,http://purl.bioontology.org/ontology/SNOMEDCT/195021004,"{:orpha_id=>""""}",Primary dilated cardiomyopathy
C0007193,http://purl.bioontology.org/ontology/SNOMEDCT/399020009,"{:orpha_id=>""http://www.orpha.net/ORDO/Orphanet_217604""}",Dilated cardiomyopathy
C0007193,http://purl.bioontology.org/ontology/SNOMEDCT/195021004,"{:orpha_id=>""""}",Primary dilated cardiomyopathy
C0007193,http://purl.bioontology.org/ontology/SNOMEDCT/399020009,"{:orpha_id=>""http://www.orpha.net/ORDO/Orphanet_217604""}",Dilated cardiomyopathy
C0007193,http://purl.bioontology.org/ontology/SNOMEDCT/195021004,"{:orpha_id=>""""}",Primary dilated cardiomyopathy
C0007193,http://purl.bioontology.org/ontology/SNOMEDCT/399020009,"{:orpha_id=>""http://www.orpha.net/ORDO/Orphanet_217604""}",Dilated cardiomyopathy
C0007193,http://purl.bioontology.org/ontology/SNOMEDCT/195021004,"{:orpha_id=>""""}",Primary dilated cardiomyopathy
C0751785,http://purl.bioontology.org/ontology/SNOMEDCT/230423006,"{:orpha_id=>""""}",Unverricht-Lundborg syndrome
C0002514,http://purl.bioontology.org/ontology/SNOMEDCT/42930003,"{:orpha_id=>""""}",Inborn error of amino acid metabolism
C0002514,http://purl.bioontology.org/ontology/SNOMEDCT/42930003,"{:orpha_id=>""""}",Inborn error of amino acid metabolism
C0740394,http://purl.bioontology.org/ontology/SNOMEDCT/35885006,"{:orpha_id=>""""}",Hyperuricemia
C0017168,http://purl.bioontology.org/ontology/SNOMEDCT/235595009,"{:orpha_id=>""""}",Gastroesophageal reflux disease
C0017168,http://purl.bioontology.org/ontology/SNOMEDCT/235595009,"{:orpha_id=>""""}",Gastroesophageal reflux disease
C0014547,http://purl.bioontology.org/ontology/SNOMEDCT/230381009,"{:orpha_id=>""""}",Focal epilepsy
C0011603,http://purl.bioontology.org/ontology/SNOMEDCT/703938007,"{:orpha_id=>""""}",Inflammatory dermatosis
C0011603,http://purl.bioontology.org/ontology/SNOMEDCT/703938007,"{:orpha_id=>""""}",Inflammatory dermatosis
C0019158,http://purl.bioontology.org/ontology/SNOMEDCT/128241005,"{:orpha_id=>""""}",Inflammatory disease of liver
C0019158,http://purl.bioontology.org/ontology/SNOMEDCT/128241005,"{:orpha_id=>""""}",Inflammatory disease of liver
C0019158,http://purl.bioontology.org/ontology/SNOMEDCT/128241005,"{:orpha_id=>""""}",Inflammatory disease of liver
C0543888,http://purl.bioontology.org/ontology/SNOMEDCT/723125008,"{:orpha_id=>""""}",Epileptic encephalopathy
C0543888,http://purl.bioontology.org/ontology/SNOMEDCT/723125008,"{:orpha_id=>""""}",Epileptic encephalopathy
C0543888,http://purl.bioontology.org/ontology/SNOMEDCT/723125008,"{:orpha_id=>""""}",Epileptic encephalopathy
C0349653,http://purl.bioontology.org/ontology/SNOMEDCT/459063003,"{:orpha_id=>""""}",Congenital disorder of glycosylation type Ia
C0349653,http://purl.bioontology.org/ontology/SNOMEDCT/277893002,"{:orpha_id=>""""}",Carbohydrate-deficient glycoprotein syndrome type I
C0349653,http://purl.bioontology.org/ontology/SNOMEDCT/459063003,"{:orpha_id=>""""}",Congenital disorder of glycosylation type Ia
C0349653,http://purl.bioontology.org/ontology/SNOMEDCT/277893002,"{:orpha_id=>""""}",Carbohydrate-deficient glycoprotein syndrome type I
C0349653,http://purl.bioontology.org/ontology/SNOMEDCT/459063003,"{:orpha_id=>""""}",Congenital disorder of glycosylation type Ia
C0349653,http://purl.bioontology.org/ontology/SNOMEDCT/277893002,"{:orpha_id=>""""}",Carbohydrate-deficient glycoprotein syndrome type I
C0349653,http://purl.bioontology.org/ontology/SNOMEDCT/459063003,"{:orpha_id=>""""}",Congenital disorder of glycosylation type Ia
C0349653,http://purl.bioontology.org/ontology/SNOMEDCT/277893002,"{:orpha_id=>""""}",Carbohydrate-deficient glycoprotein syndrome type I
C0007787,http://purl.bioontology.org/ontology/SNOMEDCT/266257000,"{:orpha_id=>""""}",Transient cerebral ischemia
C0037036,http://purl.bioontology.org/ontology/SNOMEDCT/53827007,"{:orpha_id=>""""}",Excessive salivation
C0022104,http://purl.bioontology.org/ontology/SNOMEDCT/10743008,"{:orpha_id=>""""}",Irritable bowel syndrome
C0022104,http://purl.bioontology.org/ontology/SNOMEDCT/10743008,"{:orpha_id=>""""}",Irritable bowel syndrome
C0022104,http://purl.bioontology.org/ontology/SNOMEDCT/10743008,"{:orpha_id=>""""}",Irritable bowel syndrome
C0022104,http://purl.bioontology.org/ontology/SNOMEDCT/10743008,"{:orpha_id=>""""}",Irritable bowel syndrome
C0024117,http://purl.bioontology.org/ontology/SNOMEDCT/13645005,"{:orpha_id=>""""}",Chronic obstructive pulmonary disease
C0024117,http://purl.bioontology.org/ontology/SNOMEDCT/13645005,"{:orpha_id=>""""}",Chronic obstructive pulmonary disease
C0024117,http://purl.bioontology.org/ontology/SNOMEDCT/13645005,"{:orpha_id=>""""}",Chronic obstructive pulmonary disease
C0268575,http://purl.bioontology.org/ontology/SNOMEDCT/87827003,"{:orpha_id=>""""}",Isovaleryl-CoA dehydrogenase deficiency
C0700201,http://purl.bioontology.org/ontology/SNOMEDCT/44186003,"{:orpha_id=>""""}",Dyssomnia
C0017178,http://purl.bioontology.org/ontology/SNOMEDCT/25374005,"{:orpha_id=>""""}",Gastroenteritis
C0017178,http://purl.bioontology.org/ontology/SNOMEDCT/119292006,"{:orpha_id=>""""}",Disorder of gastrointestinal tract
C0017178,http://purl.bioontology.org/ontology/SNOMEDCT/53619000,"{:orpha_id=>""""}",Disorder of digestive system
C0700323,http://purl.bioontology.org/ontology/SNOMEDCT/55394004,"{:orpha_id=>""""}",Neuromuscular block
C0009319,http://purl.bioontology.org/ontology/SNOMEDCT/64226004,"{:orpha_id=>""""}",Colitis
C0009319,http://purl.bioontology.org/ontology/SNOMEDCT/64226004,"{:orpha_id=>""""}",Colitis
C0009319,http://purl.bioontology.org/ontology/SNOMEDCT/64226004,"{:orpha_id=>""""}",Colitis
C0340427,http://purl.bioontology.org/ontology/SNOMEDCT/52029003,"{:orpha_id=>""""}",Primary familial dilated cardiomyopathy
C0011882,http://purl.bioontology.org/ontology/SNOMEDCT/230572002,"{:orpha_id=>""""}",Neuropathy due to diabetes mellitus
C0017601,http://purl.bioontology.org/ontology/SNOMEDCT/23986001,"{:orpha_id=>""""}",Glaucoma
C0017601,http://purl.bioontology.org/ontology/SNOMEDCT/23986001,"{:orpha_id=>""""}",Glaucoma
C1862382,http://purl.bioontology.org/ontology/SNOMEDCT/724384008,"{:orpha_id=>""http://www.orpha.net/ORDO/Orphanet_86813""}",Helicoid peripapillary chorioretinal degeneration
C0042075,http://purl.bioontology.org/ontology/SNOMEDCT/41368006,"{:orpha_id=>""""}",Disorder of urinary tract
C0042075,http://purl.bioontology.org/ontology/SNOMEDCT/128606002,"{:orpha_id=>""""}",Disorder of the urinary system
C0239946,http://purl.bioontology.org/ontology/SNOMEDCT/62484002,"{:orpha_id=>""""}",Hepatic fibrosis
C0151650,http://purl.bioontology.org/ontology/SNOMEDCT/197660000,"{:orpha_id=>""""}",Renal fibrosis
C1961121,http://purl.bioontology.org/ontology/SNOMEDCT/400159008,"{:orpha_id=>""""}",Congenital vascular malformation
C0948089,http://purl.bioontology.org/ontology/SNOMEDCT/394659003,"{:orpha_id=>""""}",Acute coronary syndrome
C1290886,http://purl.bioontology.org/ontology/SNOMEDCT/128294001,"{:orpha_id=>""""}",Chronic inflammatory disorder
C0030360,http://purl.bioontology.org/ontology/SNOMEDCT/40158001,"{:orpha_id=>""http://www.orpha.net/ORDO/Orphanet_678""}",Papillon-Lefvre syndrome
C0014175,http://purl.bioontology.org/ontology/SNOMEDCT/396224008,"{:orpha_id=>""""}",Endometriosis
C0014175,http://purl.bioontology.org/ontology/SNOMEDCT/129103003,"{:orpha_id=>""""}",Endometriosis (clinical)
C0751434,http://purl.bioontology.org/ontology/SNOMEDCT/7573000,"{:orpha_id=>""http://www.orpha.net/ORDO/Orphanet_79254""}",Classical phenylketonuria
C0751435,http://purl.bioontology.org/ontology/SNOMEDCT/68528007,"{:orpha_id=>""http://www.orpha.net/ORDO/Orphanet_238583""}",Hyperphenylalaninemia
C0751435,http://purl.bioontology.org/ontology/SNOMEDCT/68528007,"{:orpha_id=>""http://www.orpha.net/ORDO/Orphanet_238583""}",Hyperphenylalaninemia
C0751435,http://purl.bioontology.org/ontology/SNOMEDCT/68528007,"{:orpha_id=>""http://www.orpha.net/ORDO/Orphanet_238583""}",Hyperphenylalaninemia
C0751435,http://purl.bioontology.org/ontology/SNOMEDCT/68528007,"{:orpha_id=>""http://www.orpha.net/ORDO/Orphanet_238583""}",Hyperphenylalaninemia
C0751435,http://purl.bioontology.org/ontology/SNOMEDCT/68528007,"{:orpha_id=>""http://www.orpha.net/ORDO/Orphanet_238583""}",Hyperphenylalaninemia
C0751435,http://purl.bioontology.org/ontology/SNOMEDCT/68528007,"{:orpha_id=>""http://www.orpha.net/ORDO/Orphanet_238583""}",Hyperphenylalaninemia
C0751435,http://purl.bioontology.org/ontology/SNOMEDCT/68528007,"{:orpha_id=>""http://www.orpha.net/ORDO/Orphanet_238583""}",Hyperphenylalaninemia
C0751435,http://purl.bioontology.org/ontology/SNOMEDCT/68528007,"{:orpha_id=>""http://www.orpha.net/ORDO/Orphanet_238583""}",Hyperphenylalaninemia
C0751435,http://purl.bioontology.org/ontology/SNOMEDCT/68528007,"{:orpha_id=>""http://www.orpha.net/ORDO/Orphanet_238583""}",Hyperphenylalaninemia
C0677607,http://purl.bioontology.org/ontology/SNOMEDCT/21983002,"{:orpha_id=>""""}",Hashimoto thyroiditis
C0020514,http://purl.bioontology.org/ontology/SNOMEDCT/237662005,"{:orpha_id=>""""}",Hyperprolactinemia
C0242350,http://purl.bioontology.org/ontology/SNOMEDCT/860914002,"{:orpha_id=>""""}",Erectile dysfunction
C0341439,http://purl.bioontology.org/ontology/SNOMEDCT/328383001,"{:orpha_id=>""""}",Chronic liver disease
C0341439,http://purl.bioontology.org/ontology/SNOMEDCT/328383001,"{:orpha_id=>""""}",Chronic liver disease
C1561643,http://purl.bioontology.org/ontology/SNOMEDCT/709044004,"{:orpha_id=>""""}",Chronic kidney disease
C1561643,http://purl.bioontology.org/ontology/SNOMEDCT/709044004,"{:orpha_id=>""""}",Chronic kidney disease
C1291564,http://purl.bioontology.org/ontology/SNOMEDCT/124600004,"{:orpha_id=>""""}",Deficiency of aromatic-L-amino-acid decarboxylase
C0010054,http://purl.bioontology.org/ontology/SNOMEDCT/53741008,"{:orpha_id=>""""}",Coronary arteriosclerosis
C0010054,http://purl.bioontology.org/ontology/SNOMEDCT/443502000,"{:orpha_id=>""""}",Coronary atherosclerosis
C0752347,http://purl.bioontology.org/ontology/SNOMEDCT/312991009,"{:orpha_id=>""""}",Senile dementia of the Lewy body type
C0752347,http://purl.bioontology.org/ontology/SNOMEDCT/80098002,"{:orpha_id=>""""}",Diffuse Lewy body disease
C0752347,http://purl.bioontology.org/ontology/SNOMEDCT/312991009,"{:orpha_id=>""""}",Senile dementia of the Lewy body type
C0752347,http://purl.bioontology.org/ontology/SNOMEDCT/80098002,"{:orpha_id=>""""}",Diffuse Lewy body disease
C0265493,http://purl.bioontology.org/ontology/SNOMEDCT/26445008,"{:orpha_id=>""http://www.orpha.net/ORDO/Orphanet_195""}",Cat eye syndrome
C0271650,http://purl.bioontology.org/ontology/SNOMEDCT/267426009,"{:orpha_id=>""""}",Malabsorption of glucose
C0271650,http://purl.bioontology.org/ontology/SNOMEDCT/9414007,"{:orpha_id=>""""}",Impaired glucose tolerance
C0271650,http://purl.bioontology.org/ontology/SNOMEDCT/267426009,"{:orpha_id=>""""}",Malabsorption of glucose
C0271650,http://purl.bioontology.org/ontology/SNOMEDCT/9414007,"{:orpha_id=>""""}",Impaired glucose tolerance
C0851444,http://purl.bioontology.org/ontology/SNOMEDCT/473011001,"{:orpha_id=>""""}",Allergic condition
C0235969,http://purl.bioontology.org/ontology/SNOMEDCT/386790008,"{:orpha_id=>""""}",Disorder of ejaculation
C0162309,http://purl.bioontology.org/ontology/SNOMEDCT/65389002,"{:orpha_id=>""""}",Adrenoleukodystrophy
C0162309,http://purl.bioontology.org/ontology/SNOMEDCT/65389002,"{:orpha_id=>""""}",Adrenoleukodystrophy
C0162309,http://purl.bioontology.org/ontology/SNOMEDCT/65389002,"{:orpha_id=>""""}",Adrenoleukodystrophy
C0162309,http://purl.bioontology.org/ontology/SNOMEDCT/65389002,"{:orpha_id=>""""}",Adrenoleukodystrophy
C0019151,http://purl.bioontology.org/ontology/SNOMEDCT/13920009,"{:orpha_id=>""""}",Hepatic encephalopathy
C0019151,http://purl.bioontology.org/ontology/SNOMEDCT/449902003,"{:orpha_id=>""""}",Portal systemic encephalopathy
C0030920,http://purl.bioontology.org/ontology/SNOMEDCT/13200003,"{:orpha_id=>""""}",Peptic ulcer
C1535939,http://purl.bioontology.org/ontology/SNOMEDCT/415125002,"{:orpha_id=>""""}",Pneumocystosis pneumonia
C1535939,http://purl.bioontology.org/ontology/SNOMEDCT/415125002,"{:orpha_id=>""""}",Pneumocystosis pneumonia
C0155668,http://purl.bioontology.org/ontology/SNOMEDCT/1755008,"{:orpha_id=>""""}",Old myocardial infarction
C0024141,http://purl.bioontology.org/ontology/SNOMEDCT/55464009,"{:orpha_id=>""http://www.orpha.net/ORDO/Orphanet_536""}",Systemic lupus erythematosus
C0024141,http://purl.bioontology.org/ontology/SNOMEDCT/55464009,"{:orpha_id=>""http://www.orpha.net/ORDO/Orphanet_536""}",Systemic lupus erythematosus
C0017152,http://purl.bioontology.org/ontology/SNOMEDCT/4556007,"{:orpha_id=>""""}",Gastritis
C0152020,http://purl.bioontology.org/ontology/SNOMEDCT/235675006,"{:orpha_id=>""""}",Gastroparesis syndrome
C0152020,http://purl.bioontology.org/ontology/SNOMEDCT/196753007,"{:orpha_id=>""""}",Gastric atonia
C0020498,http://purl.bioontology.org/ontology/SNOMEDCT/31487001,"{:orpha_id=>""""}",Disseminated idiopathic skeletal hyperostosis
C0020498,http://purl.bioontology.org/ontology/SNOMEDCT/31487001,"{:orpha_id=>""""}",Disseminated idiopathic skeletal hyperostosis
C0015674,http://purl.bioontology.org/ontology/SNOMEDCT/51771007,"{:orpha_id=>""""}",Postviral fatigue syndrome
C0015674,http://purl.bioontology.org/ontology/SNOMEDCT/52702003,"{:orpha_id=>""""}",Chronic fatigue syndrome
C0751753,http://purl.bioontology.org/ontology/SNOMEDCT/765329008,"{:orpha_id=>""http://www.orpha.net/ORDO/Orphanet_147""}",Carbamoyl-phosphate synthetase 1 deficiency
C0030759,http://purl.bioontology.org/ontology/SNOMEDCT/71011005,"{:orpha_id=>""""}",Infestation by Phthirus pubis
C0729531,http://purl.bioontology.org/ontology/SNOMEDCT/312133006,"{:orpha_id=>""""}",Viral respiratory infection
C0028756,http://purl.bioontology.org/ontology/SNOMEDCT/238136002,"{:orpha_id=>""""}",Morbid obesity
C0028756,http://purl.bioontology.org/ontology/SNOMEDCT/83911000119104,"{:orpha_id=>""""}",Severe obesity
C0024437,http://purl.bioontology.org/ontology/SNOMEDCT/422338006,"{:orpha_id=>""""}",Degenerative disorder of macula
C0008312,http://purl.bioontology.org/ontology/SNOMEDCT/31712002,"{:orpha_id=>""http://www.orpha.net/ORDO/Orphanet_186""}",Primary biliary cholangitis
C0008312,http://purl.bioontology.org/ontology/SNOMEDCT/1761006,"{:orpha_id=>""""}",Biliary cirrhosis
C0238288,http://purl.bioontology.org/ontology/SNOMEDCT/399091004,"{:orpha_id=>""""}",Facioscapulohumeral muscular dystrophy
C0021051,http://purl.bioontology.org/ontology/SNOMEDCT/234532001,"{:orpha_id=>""""}",Immunodeficiency disorder
C1611171,http://purl.bioontology.org/ontology/SNOMEDCT/427296003,"{:orpha_id=>""""}",Thalamic infarction
C0242339,http://purl.bioontology.org/ontology/SNOMEDCT/370992007,"{:orpha_id=>""""}",Dyslipidemia
C0020443,http://purl.bioontology.org/ontology/SNOMEDCT/13644009,"{:orpha_id=>""""}",Hypercholesterolemia
C0220730,http://purl.bioontology.org/ontology/SNOMEDCT/702432006,"{:orpha_id=>""http://www.orpha.net/ORDO/Orphanet_2059""}",Fryns syndrome
C0024530,http://purl.bioontology.org/ontology/SNOMEDCT/248437004,"{:orpha_id=>""""}",Malarial fever
C0024530,http://purl.bioontology.org/ontology/SNOMEDCT/61462000,"{:orpha_id=>""http://www.orpha.net/ORDO/Orphanet_673""}",Malaria
C0024530,http://purl.bioontology.org/ontology/SNOMEDCT/105649009,"{:orpha_id=>""""}",Disease caused by Plasmodiidae
C0598608,http://purl.bioontology.org/ontology/SNOMEDCT/419503008,"{:orpha_id=>""""}",Hyperhomocysteinemia
C0020877,http://purl.bioontology.org/ontology/SNOMEDCT/52457000,"{:orpha_id=>""""}",Ileitis
C0020877,http://purl.bioontology.org/ontology/SNOMEDCT/52457000,"{:orpha_id=>""""}",Ileitis
C0035372,http://purl.bioontology.org/ontology/SNOMEDCT/68618008,"{:orpha_id=>""http://www.orpha.net/ORDO/Orphanet_778""}",Rett syndrome
C0007894,http://purl.bioontology.org/ontology/SNOMEDCT/86133004,"{:orpha_id=>""""}",Cestode infection
C0003507,http://purl.bioontology.org/ontology/SNOMEDCT/60573004,"{:orpha_id=>""""}",Aortic valve stenosis
C1277187,http://purl.bioontology.org/ontology/SNOMEDCT/134401001,"{:orpha_id=>""""}",Left ventricular systolic dysfunction
C0085612,http://purl.bioontology.org/ontology/SNOMEDCT/44103008,"{:orpha_id=>""""}",Ventricular arrhythmia
C2931029,http://purl.bioontology.org/ontology/SNOMEDCT/763714006,"{:orpha_id=>""http://www.orpha.net/ORDO/Orphanet_624""}",Familial multiple nevi flammei
C2931029,http://purl.bioontology.org/ontology/SNOMEDCT/763714006,"{:orpha_id=>""http://www.orpha.net/ORDO/Orphanet_624""}",Familial multiple nevi flammei
C2931029,http://purl.bioontology.org/ontology/SNOMEDCT/763714006,"{:orpha_id=>""http://www.orpha.net/ORDO/Orphanet_624""}",Familial multiple nevi flammei
C2931029,http://purl.bioontology.org/ontology/SNOMEDCT/763714006,"{:orpha_id=>""http://www.orpha.net/ORDO/Orphanet_624""}",Familial multiple nevi flammei
C2931029,http://purl.bioontology.org/ontology/SNOMEDCT/763714006,"{:orpha_id=>""http://www.orpha.net/ORDO/Orphanet_624""}",Familial multiple nevi flammei
C0021364,http://purl.bioontology.org/ontology/SNOMEDCT/2904007,"{:orpha_id=>""""}",Male infertility
C0265202,http://purl.bioontology.org/ontology/SNOMEDCT/57917004,"{:orpha_id=>""http://www.orpha.net/ORDO/Orphanet_808""}",Seckel syndrome
C0005940,http://purl.bioontology.org/ontology/SNOMEDCT/76069003,"{:orpha_id=>""""}",Disorder of bone
C0011195,http://purl.bioontology.org/ontology/SNOMEDCT/111499002,"{:orpha_id=>""""}",Djrine-Sottas disease
C0011195,http://purl.bioontology.org/ontology/SNOMEDCT/111499002,"{:orpha_id=>""""}",Djrine-Sottas disease
C0011195,http://purl.bioontology.org/ontology/SNOMEDCT/111499002,"{:orpha_id=>""""}",Djrine-Sottas disease
C0559483,http://purl.bioontology.org/ontology/SNOMEDCT/281587000,"{:orpha_id=>""http://www.orpha.net/ORDO/Orphanet_1335""}",Pentalogy of Cantrell
C3241937,http://purl.bioontology.org/ontology/SNOMEDCT/442685003,"{:orpha_id=>""""}",Nonalcoholic steatohepatitis
C0026946,http://purl.bioontology.org/ontology/SNOMEDCT/3218000,"{:orpha_id=>""""}",Mycosis
C0007384,http://purl.bioontology.org/ontology/SNOMEDCT/46263000,"{:orpha_id=>""""}",Cataplexy
C0746731,http://purl.bioontology.org/ontology/SNOMEDCT/413444003,"{:orpha_id=>""""}",Acute myocardial ischemia
C0400865,http://purl.bioontology.org/ontology/SNOMEDCT/235823004,"{:orpha_id=>""""}",Motility disorder of intestine
C0011175,http://purl.bioontology.org/ontology/SNOMEDCT/34095006,"{:orpha_id=>""""}",Dehydration
C0042721,http://purl.bioontology.org/ontology/SNOMEDCT/3738000,"{:orpha_id=>""""}",Viral hepatitis
C0042721,http://purl.bioontology.org/ontology/SNOMEDCT/3738000,"{:orpha_id=>""""}",Viral hepatitis
C0042721,http://purl.bioontology.org/ontology/SNOMEDCT/3738000,"{:orpha_id=>""""}",Viral hepatitis
C0039338,http://purl.bioontology.org/ontology/SNOMEDCT/399993004,"{:orpha_id=>""""}",Disorder of taste
C0001623,http://purl.bioontology.org/ontology/SNOMEDCT/237785004,"{:orpha_id=>""""}",Hypoadrenalism
C0001623,http://purl.bioontology.org/ontology/SNOMEDCT/386584007,"{:orpha_id=>""""}",Adrenal cortical hypofunction
C0001623,http://purl.bioontology.org/ontology/SNOMEDCT/237785004,"{:orpha_id=>""""}",Hypoadrenalism
C0001623,http://purl.bioontology.org/ontology/SNOMEDCT/386584007,"{:orpha_id=>""""}",Adrenal cortical hypofunction
C0001623,http://purl.bioontology.org/ontology/SNOMEDCT/237785004,"{:orpha_id=>""""}",Hypoadrenalism
C0001623,http://purl.bioontology.org/ontology/SNOMEDCT/386584007,"{:orpha_id=>""""}",Adrenal cortical hypofunction
C0398739,http://purl.bioontology.org/ontology/SNOMEDCT/234583001,"{:orpha_id=>""""}",Leukocyte adhesion deficiency - type 2
C0398739,http://purl.bioontology.org/ontology/SNOMEDCT/234583001,"{:orpha_id=>""""}",Leukocyte adhesion deficiency - type 2
C1299567,http://purl.bioontology.org/ontology/SNOMEDCT/371121002,"{:orpha_id=>""""}",Neonatal stroke
C0878676,http://purl.bioontology.org/ontology/SNOMEDCT/237914002,"{:orpha_id=>""""}",6-Pyruvoyl-tetrahydrobiopterin synthase deficiency
C1849508,http://purl.bioontology.org/ontology/SNOMEDCT/734434007,"{:orpha_id=>""http://www.orpha.net/ORDO/Orphanet_3006""}",Pyridoxine-dependent epilepsy
C0282528,http://purl.bioontology.org/ontology/SNOMEDCT/238059005,"{:orpha_id=>""""}",Disorder of peroxisomal function
C0282528,http://purl.bioontology.org/ontology/SNOMEDCT/238059005,"{:orpha_id=>""""}",Disorder of peroxisomal function
C0282528,http://purl.bioontology.org/ontology/SNOMEDCT/238059005,"{:orpha_id=>""""}",Disorder of peroxisomal function
C0282528,http://purl.bioontology.org/ontology/SNOMEDCT/238059005,"{:orpha_id=>""""}",Disorder of peroxisomal function
C0220710,http://purl.bioontology.org/ontology/SNOMEDCT/128596003,"{:orpha_id=>""""}",Medium-chain acyl-coenzyme A dehydrogenase deficiency
C0220710,http://purl.bioontology.org/ontology/SNOMEDCT/128596003,"{:orpha_id=>""""}",Medium-chain acyl-coenzyme A dehydrogenase deficiency
C0016952,http://purl.bioontology.org/ontology/SNOMEDCT/190749000,"{:orpha_id=>""http://www.orpha.net/ORDO/Orphanet_35710""}",Glucose-galactose malabsorption
C0016952,http://purl.bioontology.org/ontology/SNOMEDCT/190745006,"{:orpha_id=>""http://www.orpha.net/ORDO/Orphanet_352""}",Galactosemia
C0016952,http://purl.bioontology.org/ontology/SNOMEDCT/190749000,"{:orpha_id=>""http://www.orpha.net/ORDO/Orphanet_35710""}",Glucose-galactose malabsorption
C0016952,http://purl.bioontology.org/ontology/SNOMEDCT/190745006,"{:orpha_id=>""http://www.orpha.net/ORDO/Orphanet_352""}",Galactosemia
C0016952,http://purl.bioontology.org/ontology/SNOMEDCT/190749000,"{:orpha_id=>""http://www.orpha.net/ORDO/Orphanet_35710""}",Glucose-galactose malabsorption
C0016952,http://purl.bioontology.org/ontology/SNOMEDCT/190745006,"{:orpha_id=>""http://www.orpha.net/ORDO/Orphanet_352""}",Galactosemia
C0162275,http://purl.bioontology.org/ontology/SNOMEDCT/274783007,"{:orpha_id=>""""}",Ketonuria
C0162275,http://purl.bioontology.org/ontology/SNOMEDCT/36815008,"{:orpha_id=>""""}",Acetonuria
C0265388,http://purl.bioontology.org/ontology/SNOMEDCT/85995004,"{:orpha_id=>""""}",Autosomal recessive hereditary disorder
C0392557,http://purl.bioontology.org/ontology/SNOMEDCT/53889007,"{:orpha_id=>""""}",Nuclear cataract
C3808991,http://purl.bioontology.org/ontology/SNOMEDCT/768846004,"{:orpha_id=>""""}",NGLY1-congenital disorder of deglycosylation
C3808991,http://purl.bioontology.org/ontology/SNOMEDCT/768846004,"{:orpha_id=>""""}",NGLY1-congenital disorder of deglycosylation
C1865145,http://purl.bioontology.org/ontology/SNOMEDCT/1231141008,"{:orpha_id=>""""}",Mannosephosphate isomerase congenital disorder of glycosylation
C0870082,http://purl.bioontology.org/ontology/SNOMEDCT/26996000,"{:orpha_id=>""""}",Hyperkeratosis
C0870082,http://purl.bioontology.org/ontology/SNOMEDCT/399955009,"{:orpha_id=>""""}",Diffuse palmoplantar keratoderma of Thost-Unna
C1853736,http://purl.bioontology.org/ontology/SNOMEDCT/725028009,"{:orpha_id=>""""}",Mannosyl-oligosaccharide glycosidase congenital disorder of glycosylation
C1842836,http://purl.bioontology.org/ontology/SNOMEDCT/897592003,"{:orpha_id=>""""}",Congenital disorder of glycosylation type 1i
C1842836,http://purl.bioontology.org/ontology/SNOMEDCT/897592003,"{:orpha_id=>""""}",Congenital disorder of glycosylation type 1i
C1842836,http://purl.bioontology.org/ontology/SNOMEDCT/897592003,"{:orpha_id=>""""}",Congenital disorder of glycosylation type 1i
C0020757,http://purl.bioontology.org/ontology/SNOMEDCT/782957005,"{:orpha_id=>""http://www.orpha.net/ORDO/Orphanet_79354""}",Ichthyosis
C0020757,http://purl.bioontology.org/ontology/SNOMEDCT/782957005,"{:orpha_id=>""http://www.orpha.net/ORDO/Orphanet_79354""}",Ichthyosis
C0011606,http://purl.bioontology.org/ontology/SNOMEDCT/400005007,"{:orpha_id=>""""}",Erythrodermic eczema
C0011606,http://purl.bioontology.org/ontology/SNOMEDCT/200948000,"{:orpha_id=>""""}",Pityriasis rubra (Hebra)
C0011606,http://purl.bioontology.org/ontology/SNOMEDCT/399992009,"{:orpha_id=>""""}",Erythroderma
C0008925,http://purl.bioontology.org/ontology/SNOMEDCT/87979003,"{:orpha_id=>""http://www.orpha.net/ORDO/Orphanet_2014""}",Cleft palate
C2931011,http://purl.bioontology.org/ontology/SNOMEDCT/718750004,"{:orpha_id=>""""}",COG1 congenital disorder of glycosylation
C2931011,http://purl.bioontology.org/ontology/SNOMEDCT/718750004,"{:orpha_id=>""""}",COG1 congenital disorder of glycosylation
C0455988,http://purl.bioontology.org/ontology/SNOMEDCT/206538000,"{:orpha_id=>""""}",Idiopathic hydrops fetalis
C0455988,http://purl.bioontology.org/ontology/SNOMEDCT/276509008,"{:orpha_id=>""http://www.orpha.net/ORDO/Orphanet_363999""}",Non-immune hydrops fetalis
C0398686,http://purl.bioontology.org/ontology/SNOMEDCT/58606001,"{:orpha_id=>""""}",Primary immune deficiency disorder
C0268225,http://purl.bioontology.org/ontology/SNOMEDCT/54954004,"{:orpha_id=>""http://www.orpha.net/ORDO/Orphanet_93""}",Aspartylglucosaminuria
C0015306,http://purl.bioontology.org/ontology/SNOMEDCT/254044004,"{:orpha_id=>""""}",Multiple congenital exostosis
C0265221,http://purl.bioontology.org/ontology/SNOMEDCT/111504002,"{:orpha_id=>""""}",Walker-Warburg congenital muscular dystrophy
C1533628,http://purl.bioontology.org/ontology/SNOMEDCT/238067002,"{:orpha_id=>""""}",Peroxisomal thiolase deficiency
C1832200,http://purl.bioontology.org/ontology/SNOMEDCT/742876007,"{:orpha_id=>""http://www.orpha.net/ORDO/Orphanet_79189""}",Peroxisome biogenesis disorder
C1832200,http://purl.bioontology.org/ontology/SNOMEDCT/742876007,"{:orpha_id=>""http://www.orpha.net/ORDO/Orphanet_79189""}",Peroxisome biogenesis disorder
C1832200,http://purl.bioontology.org/ontology/SNOMEDCT/742876007,"{:orpha_id=>""http://www.orpha.net/ORDO/Orphanet_79189""}",Peroxisome biogenesis disorder
C0282529,http://purl.bioontology.org/ontology/SNOMEDCT/56692003,"{:orpha_id=>""""}",Rhizomelic chondrodysplasia punctata syndrome
C0282525,http://purl.bioontology.org/ontology/SNOMEDCT/238061001,"{:orpha_id=>""http://www.orpha.net/ORDO/Orphanet_44""}",Neonatal adrenoleukodystrophy
C2711227,http://purl.bioontology.org/ontology/SNOMEDCT/197321007,"{:orpha_id=>""""}",Steatosis of liver
C2711227,http://purl.bioontology.org/ontology/SNOMEDCT/442191002,"{:orpha_id=>""""}",Steatohepatitis
C2931689,http://purl.bioontology.org/ontology/SNOMEDCT/715317001,"{:orpha_id=>""http://www.orpha.net/ORDO/Orphanet_606""}",Proximal myotonic myopathy
C2931689,http://purl.bioontology.org/ontology/SNOMEDCT/715317001,"{:orpha_id=>""http://www.orpha.net/ORDO/Orphanet_606""}",Proximal myotonic myopathy
C2931689,http://purl.bioontology.org/ontology/SNOMEDCT/715317001,"{:orpha_id=>""http://www.orpha.net/ORDO/Orphanet_606""}",Proximal myotonic myopathy
C2931689,http://purl.bioontology.org/ontology/SNOMEDCT/715317001,"{:orpha_id=>""http://www.orpha.net/ORDO/Orphanet_606""}",Proximal myotonic myopathy
C0553604,http://purl.bioontology.org/ontology/SNOMEDCT/193237003,"{:orpha_id=>""""}",Myotonic disorder
C0175709,http://purl.bioontology.org/ontology/SNOMEDCT/82077006,"{:orpha_id=>""""}",Myotubular myopathy
C0002986,http://purl.bioontology.org/ontology/SNOMEDCT/16652001,"{:orpha_id=>""""}",Fabry's disease
C0002986,http://purl.bioontology.org/ontology/SNOMEDCT/124464003,"{:orpha_id=>""""}",Deficiency of alpha-galactosidase
C0002986,http://purl.bioontology.org/ontology/SNOMEDCT/16652001,"{:orpha_id=>""""}",Fabry's disease
C0002986,http://purl.bioontology.org/ontology/SNOMEDCT/124464003,"{:orpha_id=>""""}",Deficiency of alpha-galactosidase
C0024591,http://purl.bioontology.org/ontology/SNOMEDCT/213026003,"{:orpha_id=>""""}",Malignant hyperthermia caused by anesthetic
C0024591,http://purl.bioontology.org/ontology/SNOMEDCT/213026003,"{:orpha_id=>""""}",Malignant hyperthermia caused by anesthetic
C2609268,http://purl.bioontology.org/ontology/SNOMEDCT/715577009,"{:orpha_id=>""http://www.orpha.net/ORDO/Orphanet_69663""}",Low phospholipid associated cholelithiasis
C0018794,http://purl.bioontology.org/ontology/SNOMEDCT/233916004,"{:orpha_id=>""""}",Heart block
C0085581,http://purl.bioontology.org/ontology/SNOMEDCT/36485005,"{:orpha_id=>""""}",Restrictive lung disease
C0036202,http://purl.bioontology.org/ontology/SNOMEDCT/31541009,"{:orpha_id=>""http://www.orpha.net/ORDO/Orphanet_797""}",Sarcoidosis
C0342618,http://purl.bioontology.org/ontology/SNOMEDCT/193247000,"{:orpha_id=>""""}",Amyloid myopathy
C0017574,http://purl.bioontology.org/ontology/SNOMEDCT/66383009,"{:orpha_id=>""""}",Gingivitis
C1861736,http://purl.bioontology.org/ontology/SNOMEDCT/715826005,"{:orpha_id=>""http://www.orpha.net/ORDO/Orphanet_217012""}",Spinocerebellar ataxia type 31
C0037176,http://purl.bioontology.org/ontology/SNOMEDCT/264572004,"{:orpha_id=>""""}",Single gene defect
C0022521,http://purl.bioontology.org/ontology/SNOMEDCT/42402006,"{:orpha_id=>""""}",Kartagener syndrome
C1836876,http://purl.bioontology.org/ontology/SNOMEDCT/723449004,"{:orpha_id=>""http://www.orpha.net/ORDO/Orphanet_2670""}",Pierson syndrome
C0403397,http://purl.bioontology.org/ontology/SNOMEDCT/236381000,"{:orpha_id=>""""}",Steroid-resistant nephrotic syndrome
C1854678,http://purl.bioontology.org/ontology/SNOMEDCT/60192008,"{:orpha_id=>""http://www.orpha.net/ORDO/Orphanet_33108""}",Lethal multiple pterygium syndrome
C0566602,http://purl.bioontology.org/ontology/SNOMEDCT/197441003,"{:orpha_id=>""http://www.orpha.net/ORDO/Orphanet_171""}",Primary sclerosing cholangitis
C0268553,http://purl.bioontology.org/ontology/SNOMEDCT/58558003,"{:orpha_id=>""http://www.orpha.net/ORDO/Orphanet_2203""}",Hyperlysinemia
C0241910,http://purl.bioontology.org/ontology/SNOMEDCT/197284004,"{:orpha_id=>""""}",Chronic active hepatitis
C0241910,http://purl.bioontology.org/ontology/SNOMEDCT/16098491000119109,"{:orpha_id=>""""}",Chronic autoimmune hepatitis
C0241910,http://purl.bioontology.org/ontology/SNOMEDCT/197284004,"{:orpha_id=>""""}",Chronic active hepatitis
C0241910,http://purl.bioontology.org/ontology/SNOMEDCT/16098491000119109,"{:orpha_id=>""""}",Chronic autoimmune hepatitis
C0241910,http://purl.bioontology.org/ontology/SNOMEDCT/197284004,"{:orpha_id=>""""}",Chronic active hepatitis
C0241910,http://purl.bioontology.org/ontology/SNOMEDCT/16098491000119109,"{:orpha_id=>""""}",Chronic autoimmune hepatitis
C0024214,http://purl.bioontology.org/ontology/SNOMEDCT/48087001,"{:orpha_id=>""""}",Lymphangiectasis
C0024214,http://purl.bioontology.org/ontology/SNOMEDCT/48087001,"{:orpha_id=>""""}",Lymphangiectasis
C0036161,http://purl.bioontology.org/ontology/SNOMEDCT/23849003,"{:orpha_id=>""http://www.orpha.net/ORDO/Orphanet_796""}",Sandhoff disease
C1955743,http://purl.bioontology.org/ontology/SNOMEDCT/7651000119100,"{:orpha_id=>""""}",Mineralocorticoid deficiency
C1096527,http://purl.bioontology.org/ontology/SNOMEDCT/717335009,"{:orpha_id=>""http://www.orpha.net/ORDO/Orphanet_96061""}",Mosaic trisomy 8 syndrome
C0521659,http://purl.bioontology.org/ontology/SNOMEDCT/95647008,"{:orpha_id=>""""}",Upper motor neuron disease
C1836033,http://purl.bioontology.org/ontology/SNOMEDCT/722385008,"{:orpha_id=>""http://www.orpha.net/ORDO/Orphanet_66631""}",CEDNIK syndrome
C0020758,http://purl.bioontology.org/ontology/SNOMEDCT/13059002,"{:orpha_id=>""""}",Congenital ichthyosis of skin
C0020758,http://purl.bioontology.org/ontology/SNOMEDCT/13059002,"{:orpha_id=>""""}",Congenital ichthyosis of skin
C0268279,http://purl.bioontology.org/ontology/SNOMEDCT/14210003,"{:orpha_id=>""""}",Lipofuscinosis
C0265219,http://purl.bioontology.org/ontology/SNOMEDCT/253148005,"{:orpha_id=>""http://www.orpha.net/ORDO/Orphanet_531""}",Miller Dieker syndrome
C1838280,http://purl.bioontology.org/ontology/SNOMEDCT/715673002,"{:orpha_id=>""http://www.orpha.net/ORDO/Orphanet_93308""}",Multiple epiphyseal dysplasia type 1
C0028860,http://purl.bioontology.org/ontology/SNOMEDCT/79385002,"{:orpha_id=>""""}",Lowe syndrome
C0028860,http://purl.bioontology.org/ontology/SNOMEDCT/79385002,"{:orpha_id=>""""}",Lowe syndrome
C2749050,http://purl.bioontology.org/ontology/SNOMEDCT/724175002,"{:orpha_id=>""http://www.orpha.net/ORDO/Orphanet_98955""}",Lisch epithelial corneal dystrophy
C0401037,http://purl.bioontology.org/ontology/SNOMEDCT/236004002,"{:orpha_id=>""""}",Hepatic ascites
C0268464,http://purl.bioontology.org/ontology/SNOMEDCT/28575006,"{:orpha_id=>""""}",Transient hyperphenylalaninemia
